application_id,customer_id,age,gender,employment_type,declared_income,loan_amount,loan_tenure_months,loan_purpose,existing_loans,delinquency_count_6m,delinquency_count_12m,last_delinquency_date,created_at
1,100000,60.0,F,job,--,481712,24,Personal,1.0,,1,2025-08-25,2025-11-20 14:55:41
2,100001,,F,self-employed,735367,762526,6,Home,2.0,,2,2025-06-11,2025-12-19 14:55:41
3,100002,45.0,F,,,746503,12,Business,2.0,2,1,2025-12-08,2025-12-04 14:55:41
4,100003,60.0,Female,Salaried,590785,736508,24,Medical,3.0,5,4,2025-11-15,2025-07-09 14:55:41
5,100004,36.0,F,,663472,126365,24,Business,5.0,1,NA,2025-04-24,2025-09-07 14:55:41
6,100005,50.0,F,SALARIED,1124427,674377,0,Medical,5.0,4,6,2025-05-14,2025-11-08 14:55:41
7,100006,54.0,F,SALARIED,641768,"616,390",60,Business,1.0,3,0,2025-08-05,2025-07-23 14:55:41
8,100007,22.0,,,887691,489375,24,Car,1.0,3,3,2025-08-29,2025-09-03 14:55:41
9,100008,22.0,male,Salaried,"₹1,048,866",102727,0,Personal,2.0,6,6,2025-01-11,2025-10-20 14:55:41
10,100009,35.0,,Salaried,,209784,12,Medical,1.0,2,5,2025-03-26,2026-01-11 14:55:41
11,100010,40.0,Female,Self Employed,"₹659,292",767497,6,Personal,4.0,4,two,2025-02-25,2025-09-22 14:55:41
12,100011,30.0,female,self-employed,1163967,671254,12,Personal,3.0,4,3,2025-04-05,2025-11-12 14:55:41
13,100012,42.0,male,self-employed,"550,674",562311,0,Business,5.0,0,1,2025-10-26,2025-10-21 14:55:41
14,100013,48.0,male,Student,677231,"₹380,876",18,Education,1.0,4,2,2025-04-11,2025-11-01 14:55:41
15,100014,21.0,F,Salaried,414827,157570,0,Car,3.0,2,6,10/09/2025,2026-01-04 14:55:41
16,100015,30.0,male,SALARIED,398410,675084,-12,Car,3.0,4,4,2025-02-21,2025-11-24 14:55:41
17,100016,37.0,F,STUDENT,155611,542738,36,Business,3.0,2,5,2025-04-13,2025-08-05 14:55:41
18,100017,30.0,,Salaried,795108,352630,36,Business,3.0,3,3,2025-11-07,2025-07-29 14:55:41
19,100018,57.0,M,self-employed,517401,N/A,0,Home,3.0,5,3,2025-05-29,2025-07-07 14:55:41
20,100019,56.0,M,SELF_EMP,997616,51206,60,Home,1.0,3,1,2025-03-10,2025-07-23 14:55:41
21,100020,52.0,female,Self Employed,801690,147736,12,Car,0.0,5,3,2025-08-31,2025-10-11 14:55:41
22,100021,33.0,male,job,729332,406385,6,Personal,5.0,5,4,2025-06-21,2025-09-23 14:55:41
23,100022,41.0,female,business,"1,011,457",789485,18,Car,0.0,2,3,2025-13-40,2025-08-03 14:55:41
24,100023,30.0,,SELF_EMP,983582,757115,48,Business,5.0,,5,2025-05-29,2025-09-28 14:55:41
25,100024,27.0,female,Student,,108845,18,Education,4.0,1,6,2025-12-17,2025-12-12 14:55:41
26,100025,35.0,Male,Salaried,1125706,"215,649",36,Business,3.0,2,3,2025-07-16,2025-07-22 14:55:41
27,100026,,,,252853,350096,48,Education,5.0,6,6,2025-02-20,2025-10-30 14:55:41
28,100027,49.0,Male,SALARIED,835179,188579,48,Medical,4.0,2,6,2025-06-24,2025-12-29 14:55:41
29,100028,30.0,F,business,"917,085",327304,36,Medical,3.0,0,4,2025-10-16,2025-08-05 14:55:41
30,100029,25.0,Female,self-employed,"₹394,687",369149,24,Medical,1.0,5,4,2025-03-22,2025-09-14 14:55:41
31,100030,60.0,,SELF_EMP,1082594,154180,48,Home,3.0,6,1,2025-11-03,2025-10-24 14:55:41
32,100031,36.0,,SALARIED,584440,294316,6,Personal,1.0,6,0,2025-07-04,2025-10-27 14:55:41
33,100032,22.0,M,business,283290,588169,24,Medical,0.0,5,0,2025-09-04,2025-12-21 14:55:41
34,100033,52.0,Female,SALARIED,"461,078",713829,60,Medical,4.0,3,6,2025-10-11,2025-09-24 14:55:41
35,100034,35.0,,business,805461,442483,0,Home,0.0,0,1,2025-10-29,2025-07-30 14:55:41
36,100035,28.0,,business,257890,"₹418,727",18,Business,3.0,6,2,2025-08-09,2025-08-11 14:55:41
37,100036,60.0,,,723089,406331,18,Medical,5.0,5,4,2025-08-04,2025-10-30 14:55:41
38,100037,41.0,male,Salaried,254359,744093,60,Personal,1.0,3,4,2025-12-09,2025-08-17 14:55:41
39,100038,,Male,job,,--,24,Medical,4.0,0,,2025-02-10,2025-08-24 14:55:41
40,100039,46.0,Female,,--,532446,12,Car,0.0,4,5,2025-06-21,2025-08-08 14:55:41
41,100040,28.0,F,SELF_EMP,459728,--,12,Education,5.0,6,4,2025-11-17,2025-10-29 14:55:41
42,100041,30.0,Female,self-employed,267801,,36,Home,5.0,4,4,2025-01-23,2025-08-04 14:55:41
43,100042,33.0,Female,Salaried,870241,--,0,Car,4.0,2,6,04/11/2025,2025-10-24 14:55:41
44,100043,25.0,male,self-employed,465355,198298,60,Education,4.0,4,6,2025-12-27,2025-07-26 14:55:41
45,100044,54.0,female,,N/A,N/A,18,Home,2.0,6,,2025-06-23,2025-08-18 14:55:41
46,100045,45.0,F,,,431995,0,Medical,2.0,1,6,2025-04-11,2025-09-27 14:55:41
47,100046,50.0,,STUDENT,489860,,0,Personal,4.0,4,6,2025-08-20,2025-09-28 14:55:41
48,100047,26.0,F,SELF_EMP,"1,020,101",297231,24,Home,2.0,5,0,2025-08-31,2025-07-21 14:55:41
49,100048,51.0,M,Salaried,463565,603408,24,Personal,0.0,6,6,2025-11-03,2025-08-23 14:55:41
50,100049,36.0,Male,,N/A,598913,-12,Medical,4.0,0,5,,2025-12-31 14:55:41
51,100050,43.0,female,,"₹847,342",404992,0,Business,3.0,0,0,2025-01-24,2025-10-29 14:55:41
52,100051,40.0,,,550772,100126,12,Personal,3.0,3,5,2025-09-24,2025-10-01 14:55:41
53,100052,26.0,,self-employed,317916,517576,0,Personal,3.0,2,5,31/01/2025,2025-10-16 14:55:41
54,100053,53.0,female,Salaried,,726502,6,Medical,1.0,2,1,2025-07-24,2025-12-19 14:55:41
55,100054,22.0,Female,STUDENT,695867,691599,0,Education,0.0,1,0,2025-06-14,2025-08-30 14:55:41
56,100055,55.0,Male,job,"₹620,268",195622,48,Medical,4.0,4,0,2025-09-04,2025-08-23 14:55:41
57,100056,25.0,Male,Student,"₹872,499",628083,18,Car,4.0,0,1,2025-12-31,2025-09-07 14:55:41
58,100057,39.0,Male,STUDENT,785069,--,18,Education,5.0,2,6,2025-13-40,2025-08-23 14:55:41
59,100058,37.0,,,1194461,723088,60,Personal,3.0,3,2,2025-06-11,2025-10-21 14:55:41
60,100059,46.0,Male,SALARIED,"₹1,128,263","197,720",60,Medical,3.0,1,5,2025-03-24,2025-09-12 14:55:41
61,100060,40.0,M,STUDENT,654844,102995,0,Personal,,1,6,2025-01-25,2025-11-29 14:55:41
62,100061,44.0,M,Student,736616,"₹690,725",60,Personal,2.0,1,,2025-01-21,2025-09-18 14:55:41
63,100062,54.0,male,job,--,363769,-12,Medical,3.0,,0,2025-10-27,2025-07-25 14:55:41
64,100063,22.0,Male,,257699,709580,60,Education,5.0,5,two,2025-08-01,2025-07-03 14:55:41
65,100064,60.0,,Salaried,584827,551608,18,Car,4.0,6,6,2025-11-10,2025-11-07 14:55:41
66,100065,56.0,Male,Self Employed,1175513,336741,-12,Car,3.0,6,,2025-08-16,2025-11-24 14:55:41
67,100066,33.0,Male,self-employed,651810,606837,12,Car,2.0,6,1,2025-09-02,2025-11-05 14:55:41
68,100067,41.0,M,SALARIED,637001,89110,18,Home,3.0,5,,2025-10-19,2025-10-24 14:55:41
69,100068,39.0,female,Student,431437,252177,0,Business,2.0,two,6,2025-11-10,2025-09-30 14:55:41
70,100069,53.0,Female,job,1151293,323453,36,Personal,2.0,2,0,2025-08-28,2025-09-11 14:55:41
71,100070,40.0,female,self-employed,613154,210626,48,Car,5.0,4,6,2025-11-03,2025-09-25 14:55:41
72,100071,54.0,M,SALARIED,573953,394056,24,Business,4.0,3,4,17/10/2025,2025-10-31 14:55:41
73,100072,22.0,,Self Employed,244979,617451,12,Car,0.0,1,5,2025-07-12,2025-10-13 14:55:41
74,100073,45.0,female,job,"₹879,326",462151,24,Home,0.0,5,6,2025-08-25,2025-07-16 14:55:41
75,100074,28.0,female,Salaried,,676822,24,Business,0.0,1,1,2025-05-30,2025-08-23 14:55:41
76,100075,41.0,,SELF_EMP,450438,483649,18,Business,5.0,2,6,2025-12-24,2025-10-13 14:55:41
77,100076,32.0,Female,Self Employed,452727,639704,-12,Education,3.0,5,2,09/04/2025,2025-08-16 14:55:41
78,100077,59.0,M,,605116,399138,24,Education,5.0,3,5,2025-05-04,2025-10-12 14:55:41
79,100078,50.0,Male,SELF_EMP,1192866,542296,24,Personal,2.0,1,,2025-10-25,2025-11-28 14:55:41
80,100079,42.0,male,Student,857923,722865,48,Education,1.0,4,,2025-02-09,2025-07-06 14:55:41
81,100080,21.0,,SALARIED,169171,113386,0,Business,,,2,2025-13-40,2025-07-29 14:55:41
82,100081,48.0,F,SALARIED,N/A,421658,48,Car,3.0,1,0,2025-11-30,2025-10-12 14:55:41
83,100082,45.0,M,job,1059974,149994,24,Education,5.0,0,2,2025-10-17,2025-10-29 14:55:41
84,100083,22.0,male,business,--,458060,60,Business,1.0,0,0,2025-04-30,2025-07-05 14:55:41
85,100084,60.0,Female,,723208,289220,60,Education,5.0,6,5,2025-05-19,2025-08-08 14:55:41
86,100085,30.0,Male,,796483,"₹157,197",0,Medical,4.0,0,4,2025-13-40,2025-07-02 14:55:41
87,100086,26.0,male,Self Employed,505641,331981,12,Education,3.0,6,1,2025-09-12,2025-12-21 14:55:41
88,100087,29.0,Female,,841099,732661,48,Medical,5.0,3,5,2025-10-23,2025-11-07 14:55:41
89,100088,46.0,male,STUDENT,206447,792776,12,Car,5.0,1,3,2025-02-08,2025-08-21 14:55:41
90,100089,46.0,,,903987,672665,24,Business,5.0,0,5,2025-06-20,2026-01-15 14:55:41
91,100090,27.0,male,STUDENT,613537,762565,48,Home,3.0,0,1,2025-06-26,2025-09-16 14:55:41
92,100091,43.0,Female,Student,"779,699",73682,18,Business,1.0,2,1,2025-11-20,2025-09-29 14:55:41
93,100092,,male,Student,"965,447",341865,12,Medical,0.0,2,2,2025-09-09,2025-08-18 14:55:41
94,100093,45.0,male,SELF_EMP,511816,361893,18,Personal,0.0,2,3,2025-10-23,2025-08-08 14:55:41
95,100094,55.0,female,job,1176853,522908,6,Car,1.0,4,5,2025-12-31,2025-12-27 14:55:41
96,100095,57.0,,Salaried,--,569373,12,Personal,4.0,6,3,2025-08-07,2025-07-09 14:55:41
97,100096,36.0,M,SELF_EMP,332416,298455,48,Business,4.0,1,6,2025-06-30,2025-12-05 14:55:41
98,100097,41.0,Male,self-employed,"₹349,701",481589,18,Business,1.0,6,3,2025-10-24,2025-10-13 14:55:41
99,100098,49.0,,SALARIED,733481,526782,6,Business,0.0,5,6,2025-04-23,2025-09-13 14:55:41
100,100099,38.0,Male,,1167827,"100,760",0,Home,0.0,,1,2025-03-10,2025-11-08 14:55:41
101,100100,26.0,Male,,790699,500081,6,Education,3.0,4,,2025-03-04,2025-12-15 14:55:41
102,100101,51.0,Female,SALARIED,920832,189613,12,Medical,,3,5,2025-07-31,2025-11-23 14:55:41
103,100102,26.0,F,,887223,196622,24,Medical,4.0,6,,2025-04-17,2025-07-10 14:55:41
104,100103,46.0,M,Self Employed,386440,124461,48,Personal,1.0,3,6,2025-13-40,2025-11-11 14:55:41
105,100104,34.0,M,business,1021224,721652,36,Home,2.0,6,4,2025-11-30,2025-07-23 14:55:41
106,100105,48.0,,Self Employed,"₹1,061,178",107701,18,Home,0.0,1,4,2025-05-14,2025-07-02 14:55:41
107,100106,38.0,M,Salaried,,796925,0,Car,4.0,4,6,2025-10-22,2025-07-12 14:55:41
108,100107,,,,913314,87081,60,Education,2.0,2,2,2025-12-12,2025-09-07 14:55:41
109,100108,23.0,M,self-employed,801580,58356,36,Business,4.0,3,5,2025-05-07,2026-01-11 14:55:41
110,100109,35.0,female,Salaried,153066,"₹372,448",24,Car,3.0,1,1,2025-09-25,2025-09-22 14:55:41
111,100110,26.0,male,business,280616,298273,60,Business,5.0,1,6,2025-02-26,2025-09-20 14:55:41
112,100111,41.0,male,Self Employed,1121708,215271,6,Education,2.0,2,two,2025-13-40,2025-09-24 14:55:41
113,100112,56.0,F,SALARIED,,"₹283,086",48,Business,5.0,4,0,2025-04-13,2025-12-16 14:55:41
114,100113,26.0,,,"1,116,776",504197,6,Car,5.0,1,,2025-11-15,2025-09-12 14:55:41
115,100114,47.0,Female,self-employed,N/A,601356,-12,Home,3.0,4,4,,2025-08-18 14:55:41
116,100115,,,Salaried,1139193,294068,24,Personal,4.0,0,4,2025-07-19,2025-12-04 14:55:41
117,100116,32.0,Male,SELF_EMP,209153,645225,24,Car,4.0,0,0,2025-01-02,2025-12-15 14:55:41
118,100117,42.0,,,459774,166308,12,Personal,5.0,0,1,2025-08-13,2025-08-04 14:55:41
119,100118,41.0,male,,618162,446764,18,Education,,4,,2025-11-06,2025-08-14 14:55:41
120,100119,35.0,M,job,313172,226042,48,Car,0.0,0,,2025-07-18,2025-12-06 14:55:41
121,100120,47.0,Female,business,1155561,770539,6,Personal,0.0,0,1,2025-10-09,2025-10-23 14:55:41
122,100121,59.0,Female,business,496024,"₹106,157",24,Car,5.0,4,1,2025-07-22,2025-12-09 14:55:41
123,100122,24.0,Female,,"353,396",355986,12,Personal,3.0,2,1,2025-07-16,2025-11-11 14:55:41
124,100123,49.0,F,,"352,800",617750,24,Medical,0.0,3,3,2025-05-02,2025-07-19 14:55:41
125,100124,23.0,male,,--,272182,60,Home,5.0,5,2,05/02/2025,2025-08-29 14:55:41
126,100125,41.0,male,Salaried,"₹1,029,952",644116,12,Home,4.0,6,3,2025-12-03,2026-01-08 14:55:41
127,100126,32.0,F,,,548302,6,Personal,2.0,6,6,2025-06-04,2025-10-27 14:55:41
128,100127,38.0,male,Self Employed,1003898,442073,18,Home,2.0,6,0,2025-04-14,2025-09-23 14:55:41
129,100128,24.0,female,SELF_EMP,982448,82047,0,Education,3.0,1,6,,2025-08-24 14:55:41
130,100129,34.0,female,Self Employed,1008798,"765,338",18,Medical,0.0,2,2,2025-07-13,2025-11-23 14:55:41
131,100130,50.0,male,business,165408,442408,36,Personal,5.0,2,2,2025-12-01,2025-07-06 14:55:41
132,100131,36.0,,,820219,737237,60,Car,3.0,4,5,2025-10-02,2025-07-30 14:55:41
133,100132,43.0,,STUDENT,354688,636187,48,Business,0.0,6,2,2025-10-28,2025-09-19 14:55:41
134,100133,24.0,male,,557987,450209,18,Education,1.0,3,1,2025-09-08,2025-10-29 14:55:41
135,100134,,Male,job,482262,"₹142,318",60,Car,3.0,0,0,2025-09-30,2025-08-10 14:55:41
136,100135,36.0,Male,SALARIED,--,362687,-12,Medical,4.0,1,2,2025-03-27,2025-10-06 14:55:41
137,100136,22.0,female,Self Employed,"₹504,386",89178,-12,Medical,0.0,NA,,2025-08-17,2025-09-18 14:55:41
138,100137,30.0,female,self-employed,361770,685053,12,Medical,5.0,6,1,2025-09-26,2025-10-05 14:55:41
139,100138,39.0,male,Self Employed,,"754,258",0,Education,0.0,5,1,2025-06-02,2025-12-04 14:55:41
140,100139,23.0,Male,SELF_EMP,"393,062","98,118",18,Personal,2.0,2,6,2025-03-01,2025-11-09 14:55:41
141,100140,45.0,Female,job,272990,158751,0,Education,4.0,0,5,2025-03-09,2025-10-04 14:55:41
142,100141,49.0,Male,Salaried,619730,404733,12,Car,5.0,5,6,11/11/2025,2025-12-08 14:55:41
143,100142,53.0,,job,1181060,"341,668",60,Car,1.0,4,3,,2025-10-06 14:55:41
144,100143,47.0,,SALARIED,788788,736393,48,Home,1.0,6,5,2025-08-21,2025-11-22 14:55:41
145,100144,21.0,,self-employed,,222129,60,Home,2.0,6,6,2025-06-24,2025-08-08 14:55:41
146,100145,58.0,Female,,,100931,0,Medical,1.0,6,4,2025-06-15,2025-08-15 14:55:41
147,100146,36.0,Male,Student,439784,587179,48,Business,5.0,1,5,2025-12-12,2025-12-03 14:55:41
148,100147,53.0,female,SALARIED,1157408,794618,-12,Personal,3.0,0,0,2025-03-25,2025-12-11 14:55:41
149,100148,24.0,Male,,"₹1,099,159",639179,-12,Car,1.0,5,3,2025-12-18,2026-01-14 14:55:41
150,100149,37.0,,Student,921209,N/A,24,Personal,3.0,1,0,2025-08-09,2025-12-07 14:55:41
151,100150,58.0,M,,826604,705744,0,Medical,4.0,2,4,2025-09-17,2025-10-06 14:55:41
152,100151,26.0,F,SELF_EMP,608112,547923,6,Home,5.0,5,0,2025-06-15,2025-12-19 14:55:41
153,100152,45.0,female,STUDENT,936344,"560,451",24,Personal,4.0,6,NA,2025-11-20,2025-10-01 14:55:41
154,100153,27.0,,business,301247,,12,Home,1.0,4,3,2025-11-20,2025-10-10 14:55:41
155,100154,28.0,female,SALARIED,245455,"₹577,262",36,Medical,0.0,3,3,2025-04-24,2025-08-31 14:55:41
156,100155,39.0,F,SELF_EMP,173383,"179,221",60,Medical,4.0,5,1,2025-11-28,2025-12-01 14:55:41
157,100156,35.0,Male,job,264060,625512,36,Business,0.0,4,1,2025-05-02,2025-11-29 14:55:41
158,100157,41.0,Male,self-employed,469595,381699,48,Education,1.0,2,5,2025-09-04,2025-10-31 14:55:41
159,100158,52.0,F,SALARIED,443604,"707,057",6,Medical,5.0,3,0,2025-10-07,2025-08-03 14:55:41
160,100159,30.0,F,,"₹760,269",144952,24,Medical,5.0,3,4,2025-03-17,2025-10-18 14:55:41
161,100160,23.0,Female,self-employed,239775,428799,6,Home,5.0,4,5,2025-10-07,2025-10-13 14:55:41
162,100161,44.0,,self-employed,617453,411792,6,Medical,1.0,4,1,2025-11-06,2025-11-20 14:55:41
163,100162,47.0,female,Student,488157,"305,506",18,Education,5.0,1,1,2025-07-28,2026-01-13 14:55:41
164,100163,39.0,F,Student,507704,199644,18,Medical,5.0,5,4,2025-07-14,2025-11-27 14:55:41
165,100164,54.0,male,job,522081,90932,12,Home,3.0,4,6,2025-08-10,2026-01-06 14:55:41
166,100165,54.0,,business,354927,293807,-12,Car,2.0,,,2025-12-03,2025-10-05 14:55:41
167,100166,44.0,Female,self-employed,1038272,763666,-12,Medical,3.0,3,2,2025-07-24,2025-08-02 14:55:41
168,100167,28.0,Female,job,990037,693852,18,Car,,1,0,2025-04-25,2025-07-16 14:55:41
169,100168,45.0,Female,STUDENT,270508,,-12,Personal,1.0,4,,2025-05-04,2025-12-26 14:55:41
170,100169,38.0,Male,business,,144545,-12,Medical,2.0,1,3,2025-05-15,2025-08-27 14:55:41
171,100170,25.0,Male,STUDENT,674584,640525,48,Car,5.0,0,3,2025-04-24,2025-10-29 14:55:41
172,100171,47.0,male,self-employed,345054,"408,605",0,Personal,2.0,1,1,2025-04-14,2025-11-11 14:55:41
173,100172,34.0,,,"₹373,743",,-12,Home,3.0,4,6,2025-05-25,2025-12-16 14:55:41
174,100173,24.0,Female,,878317,233291,-12,Car,2.0,NA,2,2025-05-14,2025-11-10 14:55:41
175,100174,51.0,Male,Student,1028901,470051,18,Medical,5.0,2,6,2025-03-17,2025-09-18 14:55:41
176,100175,21.0,Female,STUDENT,812128,,12,Business,1.0,3,5,2025-07-05,2025-11-13 14:55:41
177,100176,,M,,516034,390881,0,Home,3.0,1,2,2025-11-11,2025-12-30 14:55:41
178,100177,26.0,F,self-employed,979329,430805,0,Car,1.0,,5,2025-02-11,2025-12-24 14:55:41
179,100178,25.0,Female,Salaried,"₹324,590",138406,36,Education,1.0,1,,2025-07-03,2025-09-18 14:55:41
180,100179,50.0,male,STUDENT,521272,716738,-12,Personal,2.0,0,2,2025-13-40,2025-12-14 14:55:41
181,100180,43.0,,Student,1150482,357151,-12,Personal,1.0,3,5,2025-07-14,2025-08-10 14:55:41
182,100181,36.0,,self-employed,713760,"₹241,267",0,Medical,3.0,1,,2025-02-23,2025-09-27 14:55:41
183,100182,21.0,,Self Employed,803423,439438,48,Home,1.0,0,6,2025-07-16,2025-07-05 14:55:41
184,100183,36.0,Female,Salaried,347049,545793,48,Education,5.0,4,5,2025-07-05,2025-11-23 14:55:41
185,100184,28.0,Female,job,400923,94033,18,Personal,0.0,5,6,2025-02-01,2025-09-02 14:55:41
186,100185,27.0,F,STUDENT,878378,"252,338",18,Personal,0.0,2,4,2025-06-29,2025-08-17 14:55:41
187,100186,56.0,male,self-employed,919891,580535,6,Medical,2.0,5,6,2025-09-27,2025-12-09 14:55:41
188,100187,60.0,Female,SALARIED,"289,837",237316,0,Education,0.0,3,5,2025-01-27,2025-12-30 14:55:41
189,100188,21.0,F,SALARIED,277297,486158,6,Medical,2.0,6,4,2025-04-30,2025-09-05 14:55:41
190,100189,36.0,F,STUDENT,371279,757256,12,Education,1.0,5,3,2025-06-12,2025-10-14 14:55:41
191,100190,47.0,Female,SELF_EMP,598639,316431,60,Home,5.0,0,,2025-04-25,2025-07-04 14:55:41
192,100191,38.0,male,,229138,327860,24,Personal,2.0,1,6,2025-09-08,2025-08-23 14:55:41
193,100192,27.0,,,267278,505401,24,Business,5.0,5,2,2025-06-14,2025-09-11 14:55:41
194,100193,35.0,female,business,338917,"₹463,477",0,Medical,5.0,0,5,2025-03-12,2025-10-08 14:55:41
195,100194,57.0,male,STUDENT,300248,767999,60,Car,2.0,4,1,2025-11-13,2025-08-11 14:55:41
196,100195,30.0,,SELF_EMP,,701168,36,Home,2.0,3,5,2025-04-16,2025-08-30 14:55:41
197,100196,51.0,F,Salaried,,260445,6,Car,5.0,5,5,2025-13-40,2025-08-04 14:55:41
198,100197,45.0,Female,SALARIED,1166410,N/A,-12,Business,0.0,2,,2025-12-18,2025-11-18 14:55:41
199,100198,53.0,M,business,211794,--,18,Home,5.0,4,3,2025-03-21,2025-08-16 14:55:41
200,100199,42.0,F,job,574275,789389,60,Education,5.0,2,5,2025-06-13,2026-01-10 14:55:41
201,100200,41.0,Female,self-employed,--,N/A,36,Medical,4.0,1,5,2025-03-11,2025-07-19 14:55:41
202,100201,44.0,Female,job,"624,529",65743,24,Business,5.0,0,3,2025-09-09,2025-11-15 14:55:41
203,100202,48.0,M,business,976593,672650,6,Medical,0.0,0,4,2025-01-22,2025-08-09 14:55:41
204,100203,24.0,Female,self-employed,749606,692917,18,Car,5.0,0,5,2025-07-22,2025-12-03 14:55:41
205,100204,50.0,female,Student,829634,221960,12,Business,3.0,5,4,2025-03-24,2025-07-05 14:55:41
206,100205,31.0,male,job,--,489963,0,Personal,5.0,,0,,2025-09-13 14:55:41
207,100206,36.0,female,business,163784,699871,24,Home,1.0,0,,2025-06-03,2025-12-21 14:55:41
208,100207,47.0,F,,522075,427685,36,Personal,2.0,6,2,2025-03-05,2025-09-05 14:55:41
209,100208,47.0,female,Salaried,333856,791139,48,Personal,4.0,1,5,2025-09-11,2025-11-19 14:55:41
210,100209,39.0,M,Student,397308,695197,48,Personal,4.0,5,6,2025-06-04,2026-01-16 14:55:41
211,100210,28.0,Male,,211063,404352,0,Home,5.0,3,2,2025-08-01,2025-09-06 14:55:41
212,100211,40.0,female,,845665,"420,771",6,Personal,3.0,4,0,2025-06-08,2026-01-09 14:55:41
213,100212,38.0,Female,SELF_EMP,784658,,24,Home,3.0,4,3,2025-09-27,2025-07-05 14:55:41
214,100213,27.0,male,job,226656,"₹597,718",6,Business,4.0,0,5,2025-10-24,2025-11-25 14:55:41
215,100214,41.0,Male,SELF_EMP,396731,"170,020",-12,Home,1.0,2,2,30/03/2025,2025-10-23 14:55:41
216,100215,55.0,,Salaried,"262,826",788908,0,Medical,2.0,5,0,2025-08-28,2025-07-23 14:55:41
217,100216,50.0,Male,Student,"₹619,330",320587,48,Personal,3.0,0,1,2025-06-29,2025-12-22 14:55:41
218,100217,46.0,,STUDENT,783587,483525,18,Car,3.0,5,3,2025-06-26,2025-08-01 14:55:41
219,100218,25.0,female,Student,1120789,--,12,Medical,0.0,6,5,2025-04-23,2025-07-08 14:55:41
220,100219,21.0,female,STUDENT,N/A,381976,36,Car,5.0,0,4,2025-03-08,2025-08-30 14:55:41
221,100220,,male,SELF_EMP,741835,786333,60,Car,3.0,1,3,2025-07-05,2025-07-30 14:55:41
222,100221,29.0,M,job,1170686,"192,371",60,Car,5.0,1,6,2025-07-02,2026-01-16 14:55:41
223,100222,57.0,female,STUDENT,,556743,0,Business,0.0,6,3,2025-09-26,2025-09-19 14:55:41
224,100223,25.0,male,self-employed,,526089,48,Car,2.0,2,4,2025-10-17,2025-08-22 14:55:41
225,100224,31.0,female,,"1,166,615",341345,36,Personal,0.0,4,2,2025-05-15,2025-12-02 14:55:41
226,100225,54.0,Male,job,473276,483007,0,Business,5.0,6,6,2025-01-28,2025-11-01 14:55:41
227,100226,51.0,,Self Employed,968037,"505,851",0,Car,5.0,0,2,2025-08-11,2025-11-09 14:55:41
228,100227,42.0,,,657084,254394,18,Personal,,,0,2025-06-30,2025-11-29 14:55:41
229,100228,,M,,604714,792470,18,Car,5.0,6,5,2025-06-01,2025-08-07 14:55:41
230,100229,50.0,Male,SELF_EMP,,457466,36,Education,3.0,1,3,2025-10-05,2025-08-06 14:55:41
231,100230,27.0,female,Salaried,,"₹571,877",6,Business,3.0,3,6,2025-08-13,2025-12-31 14:55:41
232,100231,55.0,Female,Student,902706,107875,12,Personal,4.0,6,5,2025-13-40,2025-11-30 14:55:41
233,100232,40.0,M,SELF_EMP,1068518,"252,472",24,Car,3.0,2,6,2025-13-40,2025-07-17 14:55:41
234,100233,23.0,F,STUDENT,462378,"125,532",6,Car,4.0,,2,2025-02-20,2025-08-19 14:55:41
235,100234,25.0,M,,"612,574",403729,60,Personal,0.0,1,1,2025-11-01,2025-11-08 14:55:41
236,100235,30.0,F,STUDENT,,154823,60,Education,0.0,0,5,2025-05-27,2025-07-04 14:55:41
237,100236,51.0,F,self-employed,1014092,"775,272",0,Medical,0.0,2,1,2025-09-30,2025-07-07 14:55:41
238,100237,55.0,Female,Self Employed,"₹556,258",547457,6,Home,5.0,2,6,2025-02-24,2025-12-03 14:55:41
239,100238,31.0,Female,SALARIED,1082857,258405,24,Home,2.0,3,1,2025-10-28,2025-12-11 14:55:41
240,100239,34.0,Female,SELF_EMP,557172,,6,Personal,1.0,3,2,2025-11-24,2025-08-23 14:55:41
241,100240,56.0,M,STUDENT,603913,"342,731",24,Education,2.0,4,0,2025-13-40,2025-07-05 14:55:41
242,100241,53.0,male,SALARIED,"654,389",776830,18,Personal,2.0,0,5,,2025-09-23 14:55:41
243,100242,50.0,,job,926828,51429,48,Medical,0.0,5,6,18/12/2025,2025-07-13 14:55:41
244,100243,24.0,female,Salaried,,--,12,Medical,5.0,2,3,2025-10-26,2025-07-09 14:55:41
245,100244,35.0,Male,business,282894,575808,-12,Business,4.0,2,6,2025-02-04,2025-12-26 14:55:41
246,100245,26.0,F,SALARIED,"₹728,693",207808,6,Personal,3.0,1,5,,2025-11-19 14:55:41
247,100246,54.0,Female,SELF_EMP,1083770,--,0,Personal,2.0,two,4,2026-01-01,2025-12-04 14:55:41
248,100247,30.0,,SELF_EMP,1074610,639810,48,Education,2.0,4,3,2025-03-17,2025-12-09 14:55:41
249,100248,21.0,male,SELF_EMP,769827,651596,0,Personal,5.0,0,,2025-11-14,2025-12-25 14:55:41
250,100249,41.0,female,STUDENT,N/A,517096,-12,Car,1.0,4,2,2025-08-08,2025-11-06 14:55:41
251,100250,43.0,Female,SALARIED,1081597,513999,60,Business,3.0,0,6,22/06/2025,2025-07-08 14:55:41
252,100251,45.0,Female,self-employed,1119135,N/A,36,Medical,3.0,6,5,2025-01-15,2025-11-02 14:55:41
253,100252,51.0,female,business,"663,278",567000,48,Medical,3.0,5,6,,2025-11-12 14:55:41
254,100253,31.0,F,job,260914,"423,276",12,Medical,1.0,0,2,2025-12-18,2025-07-23 14:55:41
255,100254,44.0,male,,740175,406844,24,Education,4.0,4,4,2026-01-01,2025-12-19 14:55:41
256,100255,47.0,M,job,1155622,195766,-12,Personal,1.0,NA,1,2025-06-08,2025-12-28 14:55:41
257,100256,48.0,,Salaried,"1,054,391",,12,Personal,0.0,6,4,2025-04-14,2025-12-25 14:55:41
258,100257,30.0,Male,SELF_EMP,1199906,579435,6,Medical,1.0,1,5,2025-04-21,2025-09-18 14:55:41
259,100258,44.0,F,SALARIED,894116,589231,48,Home,3.0,6,,2025-06-18,2025-09-23 14:55:41
260,100259,59.0,female,Student,1004132,247955,0,Business,2.0,3,4,2025-02-14,2025-07-24 14:55:41
261,100260,58.0,female,job,567514,"₹473,927",0,Personal,5.0,6,3,2025-12-09,2025-09-15 14:55:41
262,100261,53.0,,SALARIED,1192858,,12,Car,,4,4,2025-02-10,2025-09-13 14:55:41
263,100262,50.0,female,STUDENT,870614,,60,Home,3.0,3,,2025-06-06,2025-09-29 14:55:41
264,100263,29.0,Female,SALARIED,1178765,650005,18,Medical,0.0,3,2,2025-01-16,2025-10-16 14:55:41
265,100264,43.0,,SELF_EMP,1047891,"418,332",24,Business,2.0,0,,2025-13-40,2025-10-01 14:55:41
266,100265,57.0,Female,Student,813778,"650,350",24,Personal,3.0,2,3,2025-11-23,2025-09-02 14:55:41
267,100266,34.0,M,,623717,"656,279",12,Medical,4.0,6,4,2025-08-11,2025-10-03 14:55:41
268,100267,46.0,male,STUDENT,189013,245600,0,Personal,5.0,6,5,2025-09-26,2025-11-17 14:55:41
269,100268,30.0,,business,285114,329901,36,Business,4.0,1,6,2025-09-07,2025-08-05 14:55:41
270,100269,23.0,Male,self-employed,732530,94283,6,Home,0.0,0,2,2025-02-17,2025-12-13 14:55:41
271,100270,36.0,female,SALARIED,678079,"₹678,958",48,Medical,5.0,1,0,2025-05-22,2025-08-20 14:55:41
272,100271,24.0,Male,SALARIED,1038733,341224,48,Car,5.0,5,6,2025-01-29,2025-11-17 14:55:41
273,100272,37.0,Male,SELF_EMP,405965,513892,60,Personal,2.0,1,1,2025-11-21,2025-08-06 14:55:41
274,100273,47.0,Male,Student,1016042,492882,18,Business,2.0,4,2,2025-01-16,2025-12-01 14:55:41
275,100274,49.0,,Self Employed,807922,311728,18,Medical,5.0,3,2,2025-11-01,2025-11-28 14:55:41
276,100275,26.0,F,business,,635661,12,Car,1.0,0,2,2025-07-09,2026-01-14 14:55:41
277,100276,54.0,Female,Student,N/A,329133,18,Car,1.0,2,1,2025-13-40,2025-11-18 14:55:41
278,100277,60.0,F,Student,"₹1,133,316",776687,60,Business,3.0,0,1,2025-07-02,2025-08-17 14:55:41
279,100278,,male,self-employed,"₹927,836",93122,-12,Car,2.0,2,2,2025-01-24,2025-11-07 14:55:41
280,100279,44.0,Male,self-employed,703140,222998,18,Medical,5.0,1,0,2025-03-26,2025-09-13 14:55:41
281,100280,23.0,female,Student,"₹460,491",N/A,-12,Personal,4.0,4,,2025-02-10,2025-12-24 14:55:41
282,100281,,female,SALARIED,372444,135000,0,Car,5.0,0,,2025-06-17,2025-08-25 14:55:41
283,100282,29.0,M,self-employed,266465,681548,18,Education,3.0,1,5,2025-12-02,2025-09-29 14:55:41
284,100283,40.0,male,SALARIED,569160,549583,12,Car,2.0,3,3,2025-11-29,2025-09-13 14:55:41
285,100284,54.0,male,Student,1151623,767555,-12,Car,2.0,0,3,2025-12-06,2025-10-19 14:55:41
286,100285,37.0,,SALARIED,--,"462,045",36,Personal,4.0,3,6,2025-04-20,2025-08-16 14:55:41
287,100286,37.0,M,,"394,692",532515,0,Personal,4.0,5,3,,2025-12-20 14:55:41
288,100287,22.0,F,Self Employed,454410,706470,12,Personal,3.0,0,5,2025-09-07,2025-08-21 14:55:41
289,100288,36.0,male,,"₹166,513",502762,-12,Personal,0.0,4,6,2025-04-30,2025-10-01 14:55:41
290,100289,57.0,M,business,395242,413608,18,Personal,5.0,1,5,2025-11-06,2025-09-20 14:55:41
291,100290,29.0,female,business,905510,219896,12,Business,3.0,4,3,2025-04-19,2025-10-18 14:55:41
292,100291,37.0,F,,283516,"₹287,701",36,Personal,2.0,4,5,2025-11-07,2025-09-27 14:55:41
293,100292,50.0,,SALARIED,,--,24,Personal,1.0,6,0,2025-07-07,2025-11-27 14:55:41
294,100293,49.0,,Self Employed,1143344,139374,60,Personal,5.0,6,1,2025-08-01,2025-09-07 14:55:41
295,100294,44.0,Female,Salaried,"295,922",222306,6,Business,5.0,5,4,2025-08-04,2025-08-29 14:55:41
296,100295,40.0,Male,Salaried,457991,265098,0,Business,2.0,3,,2025-06-22,2025-12-16 14:55:41
297,100296,54.0,Male,STUDENT,864518,79246,36,Education,2.0,0,2,2025-07-02,2025-12-17 14:55:41
298,100297,49.0,,SELF_EMP,640393,799579,60,Medical,5.0,4,3,2026-01-01,2025-12-25 14:55:41
299,100298,24.0,F,Student,994635,463959,60,Car,5.0,3,1,2025-08-24,2025-09-04 14:55:41
300,100299,28.0,Female,job,924545,"₹478,468",36,Home,4.0,2,6,2025-10-30,2025-10-31 14:55:41
301,100300,39.0,,Salaried,,554550,48,Car,3.0,1,3,2025-12-09,2025-10-26 14:55:41
302,100301,26.0,female,business,,753011,12,Education,,6,0,2025-02-14,2025-08-23 14:55:41
303,100302,24.0,male,Student,"₹189,141",238474,24,Education,5.0,0,3,,2025-09-28 14:55:41
304,100303,32.0,,business,390427,"₹349,212",12,Education,2.0,0,0,2025-06-03,2025-10-04 14:55:41
305,100304,41.0,,Salaried,645957,453752,48,Car,4.0,3,0,2025-10-29,2025-08-28 14:55:41
306,100305,29.0,Female,STUDENT,448565,307070,-12,Car,,6,,2025-09-05,2025-07-27 14:55:41
307,100306,45.0,,,"739,952","640,433",12,Education,5.0,3,6,2025-12-17,2025-07-09 14:55:41
308,100307,49.0,female,SELF_EMP,"838,824",727844,6,Home,5.0,5,4,2025-11-30,2025-07-30 14:55:41
309,100308,49.0,Male,business,900708,780889,48,Education,,6,2,2025-11-12,2025-11-22 14:55:41
310,100309,35.0,,Student,"588,485",719448,-12,Car,1.0,4,1,2025-03-08,2025-08-25 14:55:41
311,100310,35.0,female,Self Employed,198480,608829,0,Home,3.0,0,6,2025-05-22,2025-09-13 14:55:41
312,100311,44.0,M,,1030934,N/A,6,Business,1.0,0,2,,2025-09-29 14:55:41
313,100312,22.0,female,self-employed,1143161,107076,24,Home,4.0,5,0,2025-07-14,2026-01-01 14:55:41
314,100313,29.0,,self-employed,"1,055,632","636,424",60,Home,4.0,4,3,2025-08-09,2025-10-23 14:55:41
315,100314,22.0,Male,SALARIED,291651,"₹651,056",48,Car,3.0,1,NA,2025-08-13,2025-10-18 14:55:41
316,100315,40.0,male,job,869114,592827,6,Education,4.0,0,1,2025-04-15,2025-07-31 14:55:41
317,100316,51.0,Female,SELF_EMP,853931,"₹220,162",6,Car,1.0,5,1,2025-06-20,2025-10-07 14:55:41
318,100317,32.0,M,SALARIED,"₹391,569",712002,6,Home,1.0,2,4,2025-13-40,2025-12-23 14:55:41
319,100318,22.0,F,SALARIED,590899,440437,60,Business,0.0,1,3,2025-06-13,2025-11-16 14:55:41
320,100319,23.0,male,STUDENT,,343678,0,Education,5.0,5,3,2025-11-28,2025-09-07 14:55:41
321,100320,50.0,female,Student,1187654,719102,6,Education,1.0,1,3,2025-07-12,2025-07-09 14:55:41
322,100321,26.0,male,,855427,478818,36,Car,0.0,5,2,2025-09-21,2025-11-08 14:55:41
323,100322,35.0,M,STUDENT,562397,766742,18,Business,5.0,6,6,2025-07-28,2026-01-14 14:55:41
324,100323,51.0,,business,590139,629459,0,Personal,0.0,6,3,2025-13-40,2025-12-16 14:55:41
325,100324,40.0,M,SELF_EMP,1029015,774061,6,Medical,0.0,2,4,2025-07-21,2025-10-09 14:55:41
326,100325,25.0,F,SELF_EMP,1096938,"₹229,750",6,Business,4.0,0,1,2025-12-05,2025-10-15 14:55:41
327,100326,,Male,business,"₹382,246",122103,24,Education,1.0,5,2,2025-09-16,2025-11-27 14:55:41
328,100327,21.0,Female,business,667661,564807,12,Personal,5.0,5,3,2025-04-01,2025-08-12 14:55:41
329,100328,48.0,female,,241571,337075,12,Business,5.0,3,0,2025-02-10,2025-07-02 14:55:41
330,100329,41.0,F,,"206,031",534341,24,Car,,1,3,2025-02-13,2025-09-27 14:55:41
331,100330,29.0,Male,job,--,--,6,Business,2.0,1,4,2025-13-40,2025-09-06 14:55:41
332,100331,27.0,Male,,941455,442843,6,Car,0.0,1,0,2025-12-08,2025-10-03 14:55:41
333,100332,53.0,Male,Self Employed,978509,"₹274,164",6,Car,5.0,3,2,2025-13-40,2025-10-04 14:55:41
334,100333,40.0,Female,SALARIED,509575,390110,18,Personal,1.0,2,0,2025-11-09,2025-09-09 14:55:41
335,100334,35.0,female,,410164,,48,Car,2.0,,4,2025-08-17,2025-11-07 14:55:41
336,100335,41.0,,business,754934,397362,6,Business,1.0,1,2,2025-13-40,2025-12-31 14:55:41
337,100336,33.0,F,job,578601,539762,24,Car,1.0,4,2,05/09/2025,2025-10-08 14:55:41
338,100337,45.0,Female,,476900,70773,12,Personal,4.0,1,3,2025-10-16,2025-12-14 14:55:41
339,100338,51.0,,STUDENT,934875,463820,0,Personal,5.0,0,4,2025-08-13,2025-07-09 14:55:41
340,100339,43.0,Female,SELF_EMP,958102,304125,48,Business,5.0,5,5,2025-05-08,2025-12-07 14:55:41
341,100340,21.0,M,business,318502,--,36,Medical,4.0,2,5,2025-02-26,2025-10-21 14:55:41
342,100341,30.0,F,business,163464,"51,655",60,Medical,3.0,1,1,2025-04-05,2025-08-25 14:55:41
343,100342,34.0,M,Self Employed,1007299,164499,36,Home,3.0,0,5,06/01/2025,2026-01-16 14:55:41
344,100343,58.0,M,STUDENT,937828,328749,48,Medical,3.0,2,2,2025-07-14,2025-10-25 14:55:41
345,100344,,,,407728,783232,0,Medical,5.0,3,,2025-13-40,2026-01-06 14:55:41
346,100345,41.0,F,business,320643,549250,12,Business,3.0,1,6,2025-13-40,2025-12-26 14:55:41
347,100346,40.0,male,Student,1085931,616931,12,Home,3.0,two,1,2025-12-08,2025-12-17 14:55:41
348,100347,29.0,female,SALARIED,847934,"679,858",60,Business,5.0,3,0,28/02/2025,2025-11-30 14:55:41
349,100348,28.0,F,business,153520,249080,48,Personal,5.0,5,,2025-08-25,2025-11-03 14:55:41
350,100349,35.0,Female,self-employed,222024,"₹772,049",0,Business,1.0,3,1,2025-04-19,2025-11-21 14:55:41
351,100350,24.0,,Student,777261,216926,48,Car,5.0,3,2,2025-04-11,2025-12-24 14:55:41
352,100351,29.0,,Salaried,787689,194243,18,Education,1.0,,4,2025-03-18,2025-07-28 14:55:41
353,100352,31.0,M,Student,"₹260,042",404928,60,Education,0.0,2,5,2025-12-22,2025-12-26 14:55:41
354,100353,50.0,female,Student,"₹401,659",722566,6,Medical,4.0,5,1,2025-11-28,2025-12-16 14:55:41
355,100354,27.0,female,STUDENT,191411,605837,-12,Business,5.0,5,4,2025-01-04,2025-12-17 14:55:41
356,100355,23.0,F,SALARIED,"223,411",363081,60,Business,0.0,,4,2025-10-24,2025-10-19 14:55:41
357,100356,59.0,F,Salaried,"₹544,419",275667,24,Medical,2.0,3,3,2025-03-26,2025-11-13 14:55:41
358,100357,48.0,F,SALARIED,714972,251984,-12,Medical,1.0,6,,2025-05-20,2025-08-30 14:55:41
359,100358,47.0,female,SELF_EMP,456875,"60,342",24,Car,0.0,4,6,2025-02-19,2025-11-06 14:55:41
360,100359,56.0,M,job,N/A,760737,60,Car,4.0,,1,18/05/2025,2025-10-15 14:55:41
361,100360,36.0,Female,job,892394,339221,24,Personal,5.0,3,5,2025-05-04,2026-01-03 14:55:41
362,100361,26.0,male,Salaried,1039158,193055,-12,Business,0.0,6,5,2025-06-27,2025-09-04 14:55:41
363,100362,59.0,Female,STUDENT,"516,611",,0,Car,1.0,5,6,2025-05-30,2025-11-24 14:55:41
364,100363,21.0,male,self-employed,224300,,0,Personal,2.0,,0,13/04/2025,2025-12-09 14:55:41
365,100364,47.0,,self-employed,979127,241031,0,Business,3.0,,5,2025-04-09,2025-10-02 14:55:41
366,100365,42.0,F,Student,"₹707,422",569640,48,Car,4.0,6,0,2025-03-07,2025-07-05 14:55:41
367,100366,36.0,,,1060852,136627,18,Business,4.0,0,1,2025-08-09,2025-12-22 14:55:41
368,100367,53.0,F,,461901,90230,18,Car,0.0,0,5,2025-04-30,2026-01-02 14:55:41
369,100368,53.0,M,self-employed,886151,,48,Education,2.0,0,3,2025-06-06,2025-07-27 14:55:41
370,100369,56.0,F,SELF_EMP,929285,662711,18,Business,5.0,,3,2025-02-09,2025-11-01 14:55:41
371,100370,51.0,F,,552038,637565,0,Business,5.0,3,4,2025-03-28,2025-12-15 14:55:41
372,100371,39.0,male,Self Employed,983604,588430,-12,Car,4.0,2,,2025-13-40,2025-09-08 14:55:41
373,100372,50.0,female,self-employed,771519,229420,36,Home,5.0,1,5,,2025-10-21 14:55:41
374,100373,59.0,Male,STUDENT,430203,390404,6,Personal,1.0,2,6,2025-10-27,2025-10-12 14:55:41
375,100374,37.0,female,Self Employed,612713,710393,18,Car,1.0,1,1,2025-04-02,2025-07-15 14:55:41
376,100375,32.0,M,job,"543,945",307167,60,Home,5.0,,,2025-01-08,2026-01-06 14:55:41
377,100376,29.0,M,,169705,404827,18,Car,4.0,2,0,2025-05-18,2026-01-06 14:55:41
378,100377,27.0,M,business,"620,417",204535,60,Business,5.0,1,2,2025-11-13,2025-12-27 14:55:41
379,100378,23.0,F,SELF_EMP,--,366212,12,Personal,3.0,6,,2025-03-19,2025-12-11 14:55:41
380,100379,45.0,,Student,387322,"₹342,003",18,Education,3.0,3,6,2025-03-13,2025-11-16 14:55:41
381,100380,45.0,Female,Student,632585,492332,24,Business,0.0,NA,1,2025-02-01,2025-07-02 14:55:41
382,100381,29.0,F,STUDENT,1033062,108579,18,Car,,2,4,,2025-10-16 14:55:41
383,100382,30.0,,business,532571,603071,60,Business,2.0,0,,,2025-10-01 14:55:41
384,100383,50.0,,,626713,146402,18,Business,1.0,3,4,2025-02-10,2025-10-29 14:55:41
385,100384,46.0,F,SELF_EMP,558379,430320,6,Education,2.0,1,2,,2025-11-10 14:55:41
386,100385,26.0,,,"809,722",423973,-12,Education,2.0,1,3,2025-09-16,2025-12-10 14:55:41
387,100386,22.0,Female,Salaried,467797,"706,359",24,Business,5.0,4,5,2025-06-25,2025-11-04 14:55:41
388,100387,44.0,,business,307282,,36,Medical,0.0,1,2,01/07/2025,2025-07-04 14:55:41
389,100388,50.0,Female,Student,444539,"561,976",60,Car,4.0,2,2,2025-12-17,2025-07-27 14:55:41
390,100389,23.0,female,Self Employed,--,--,12,Education,3.0,2,6,2025-02-14,2025-10-08 14:55:41
391,100390,48.0,Male,SELF_EMP,1169834,,18,Car,1.0,0,0,2025-07-06,2025-11-24 14:55:41
392,100391,24.0,M,business,,"474,745",0,Car,4.0,1,3,2025-06-03,2025-10-02 14:55:41
393,100392,51.0,female,business,966081,N/A,18,Personal,5.0,5,0,2025-08-24,2025-10-28 14:55:41
394,100393,28.0,female,STUDENT,1094890,715104,12,Home,1.0,5,3,2025-04-19,2025-08-23 14:55:41
395,100394,21.0,,self-employed,411609,528148,-12,Car,4.0,1,4,2025-10-06,2025-08-02 14:55:41
396,100395,48.0,female,SALARIED,,"₹481,257",-12,Home,5.0,0,1,2025-08-22,2025-09-19 14:55:41
397,100396,28.0,,business,"980,070",284814,36,Personal,3.0,,two,2025-09-24,2025-10-24 14:55:41
398,100397,31.0,Female,business,974847,655923,60,Business,1.0,1,6,2025-03-03,2025-07-06 14:55:41
399,100398,37.0,F,Self Employed,203771,--,-12,Home,4.0,1,6,2025-05-04,2025-11-29 14:55:41
400,100399,55.0,female,business,258525,"707,916",12,Home,3.0,1,0,2025-07-06,2025-12-23 14:55:41
401,100400,52.0,Female,SALARIED,1030609,522780,6,Education,5.0,0,2,,2025-09-06 14:55:41
402,100401,37.0,F,,469492,"277,496",12,Business,5.0,3,5,2025-06-01,2025-09-28 14:55:41
403,100402,53.0,F,Self Employed,739473,666121,0,Car,3.0,6,3,2025-10-19,2026-01-01 14:55:41
404,100403,49.0,M,self-employed,765458,,18,Personal,3.0,0,1,2025-13-40,2025-07-18 14:55:41
405,100404,42.0,male,Self Employed,958642,"₹278,026",12,Medical,5.0,2,0,2025-13-40,2025-12-18 14:55:41
406,100405,28.0,male,business,194603,653726,36,Education,3.0,,0,2025-08-02,2025-07-09 14:55:41
407,100406,43.0,male,Student,974867,567300,12,Personal,4.0,,2,2025-08-13,2025-07-16 14:55:41
408,100407,44.0,male,Salaried,"₹240,337",128687,60,Personal,5.0,3,1,2025-08-01,2025-09-06 14:55:41
409,100408,54.0,Female,self-employed,1162308,360624,24,Business,5.0,0,,2025-04-22,2025-09-15 14:55:41
410,100409,27.0,,STUDENT,807161,526076,12,Education,1.0,3,6,2025-02-06,2025-10-31 14:55:41
411,100410,57.0,F,SALARIED,"654,496","329,714",0,Personal,2.0,2,4,21/06/2025,2025-12-23 14:55:41
412,100411,24.0,female,Self Employed,--,686955,6,Business,1.0,0,1,2025-02-22,2025-07-22 14:55:41
413,100412,46.0,M,self-employed,508674,351982,6,Home,1.0,3,5,2025-06-12,2025-10-24 14:55:41
414,100413,50.0,M,business,522276,229018,48,Car,,3,4,2025-05-30,2025-12-06 14:55:41
415,100414,30.0,M,SELF_EMP,885641,560125,48,Personal,5.0,5,4,2025-05-20,2026-01-12 14:55:41
416,100415,30.0,,job,214811,501643,24,Car,5.0,5,3,2025-09-28,2025-10-20 14:55:41
417,100416,42.0,Female,self-employed,236192,"₹692,113",48,Personal,0.0,5,4,2025-11-17,2025-09-15 14:55:41
418,100417,39.0,,Salaried,"408,863",501226,6,Personal,1.0,6,4,2025-02-15,2025-07-14 14:55:41
419,100418,33.0,M,Salaried,893717,455002,12,Personal,2.0,3,4,2025-04-14,2025-11-27 14:55:41
420,100419,40.0,Male,Student,938457,"₹150,707",48,Medical,5.0,3,,2025-13-40,2025-12-26 14:55:41
421,100420,29.0,Male,,416914,"357,592",18,Car,,6,0,2025-11-30,2025-11-04 14:55:41
422,100421,57.0,Male,SALARIED,261191,639351,24,Business,5.0,2,6,2025-12-20,2025-12-09 14:55:41
423,100422,59.0,male,Self Employed,201708,108356,0,Education,1.0,6,5,,2025-12-12 14:55:41
424,100423,36.0,female,Self Employed,758249,667363,60,Car,5.0,6,two,2025-13-40,2025-08-05 14:55:41
425,100424,60.0,Male,Student,1111229,425125,24,Personal,5.0,1,5,2025-08-25,2025-11-07 14:55:41
426,100425,40.0,M,Student,1139336,792916,-12,Personal,1.0,4,3,2025-01-17,2025-12-24 14:55:41
427,100426,27.0,female,Self Employed,"₹646,222",452740,12,Home,4.0,,4,2025-01-17,2025-07-23 14:55:41
428,100427,49.0,female,Self Employed,1179917,260965,-12,Education,0.0,5,NA,2025-07-05,2025-12-30 14:55:41
429,100428,42.0,female,STUDENT,585106,419209,18,Home,3.0,0,4,2025-03-03,2025-09-01 14:55:41
430,100429,,,self-employed,"900,581","352,062",-12,Medical,4.0,4,3,,2025-10-02 14:55:41
431,100430,37.0,,Self Employed,841240,115356,6,Personal,0.0,4,3,2025-05-20,2025-09-12 14:55:41
432,100431,53.0,Male,self-employed,,255703,6,Medical,3.0,5,4,2025-08-14,2025-10-15 14:55:41
433,100432,43.0,Female,Self Employed,171075,612264,6,Business,1.0,1,2,2025-12-03,2025-12-15 14:55:41
434,100433,59.0,female,SALARIED,581721,424297,0,Business,2.0,2,2,2025-10-06,2025-10-04 14:55:41
435,100434,60.0,M,job,633468,178710,18,Home,1.0,3,NA,2025-10-30,2025-12-27 14:55:41
436,100435,24.0,male,Salaried,956697,N/A,6,Business,2.0,0,2,2025-05-16,2025-07-08 14:55:41
437,100436,22.0,,business,269786,760902,-12,Car,3.0,4,3,,2025-07-27 14:55:41
438,100437,38.0,F,self-employed,"977,538",331802,6,Home,2.0,2,0,2025-13-40,2025-08-07 14:55:41
439,100438,56.0,M,SALARIED,808561,320539,0,Education,1.0,4,,2025-12-18,2025-10-28 14:55:41
440,100439,23.0,F,self-employed,183802,,24,Personal,0.0,4,4,2025-12-16,2025-11-06 14:55:41
441,100440,,male,SELF_EMP,935835,"702,126",36,Education,,6,5,2025-10-26,2025-10-13 14:55:41
442,100441,58.0,female,SALARIED,620980,710943,12,Medical,0.0,4,6,2025-05-06,2025-10-17 14:55:41
443,100442,35.0,female,Self Employed,1009676,"580,205",0,Medical,1.0,4,4,2025-07-29,2025-08-15 14:55:41
444,100443,37.0,Male,SALARIED,461214,257727,6,Education,0.0,5,1,2025-13-40,2025-12-30 14:55:41
445,100444,29.0,male,business,993720,"₹357,643",48,Medical,4.0,0,3,2025-11-20,2025-11-04 14:55:41
446,100445,51.0,female,,,671856,60,Personal,3.0,2,2,2025-01-26,2025-08-22 14:55:41
447,100446,53.0,Female,business,,270914,48,Home,2.0,2,1,2025-05-14,2025-11-19 14:55:41
448,100447,38.0,F,STUDENT,,616052,0,Home,2.0,4,1,2025-06-02,2025-12-18 14:55:41
449,100448,49.0,Female,job,394239,283247,-12,Personal,2.0,5,2,2025-01-21,2025-09-06 14:55:41
450,100449,41.0,male,Salaried,166715,280906,18,Car,1.0,1,4,2025-13-40,2025-08-28 14:55:41
451,100450,60.0,,self-employed,642234,738852,24,Personal,5.0,3,2,2025-02-28,2025-07-06 14:55:41
452,100451,39.0,Female,business,1124621,414462,0,Car,4.0,2,6,2025-02-02,2025-07-29 14:55:41
453,100452,41.0,,business,264574,,0,Car,1.0,1,4,,2025-07-17 14:55:41
454,100453,22.0,M,SELF_EMP,283095,429687,-12,Car,5.0,2,5,,2025-09-05 14:55:41
455,100454,27.0,,job,200844,"309,322",60,Business,3.0,2,4,2025-13-40,2025-09-01 14:55:41
456,100455,59.0,M,business,804709,74570,12,Personal,5.0,3,4,2025-05-27,2025-11-16 14:55:41
457,100456,,Female,SELF_EMP,377130,76101,48,Car,4.0,1,0,2025-04-18,2025-11-15 14:55:41
458,100457,26.0,male,STUDENT,"637,440",481865,18,Home,2.0,,6,2025-09-09,2025-08-04 14:55:41
459,100458,36.0,female,STUDENT,320780,131269,18,Medical,5.0,6,two,2025-11-18,2025-07-10 14:55:41
460,100459,56.0,M,business,718553,439684,36,Medical,5.0,5,3,2025-06-20,2025-12-14 14:55:41
461,100460,31.0,,SELF_EMP,465304,55874,12,Medical,3.0,3,5,,2025-11-29 14:55:41
462,100461,38.0,,self-employed,995715,722765,18,Home,5.0,4,4,2025-07-17,2025-08-19 14:55:41
463,100462,59.0,,,,293092,18,Education,1.0,NA,4,2025-08-07,2025-09-11 14:55:41
464,100463,28.0,Female,business,894471,"606,464",24,Education,5.0,6,5,2025-12-18,2025-08-04 14:55:41
465,100464,43.0,,Student,875596,636986,24,Car,2.0,0,,2025-06-09,2025-11-14 14:55:41
466,100465,53.0,male,self-employed,"985,283",,6,Business,3.0,3,5,,2025-07-19 14:55:41
467,100466,30.0,F,job,"400,456",115352,36,Education,5.0,,5,2025-10-29,2026-01-14 14:55:41
468,100467,46.0,female,SALARIED,459359,"514,937",-12,Car,1.0,0,0,2025-10-19,2025-09-21 14:55:41
469,100468,26.0,M,SALARIED,192168,278092,24,Personal,5.0,1,2,2025-12-29,2025-08-26 14:55:41
470,100469,41.0,,Self Employed,768517,146901,48,Business,4.0,6,4,2025-10-04,2025-09-28 14:55:41
471,100470,43.0,female,Self Employed,"714,029",320756,12,Medical,5.0,3,3,2025-01-19,2025-10-18 14:55:41
472,100471,21.0,Female,SALARIED,900789,245203,0,Medical,4.0,3,2,2025-09-06,2025-11-19 14:55:41
473,100472,53.0,Female,,--,365183,-12,Education,4.0,2,0,2025-03-15,2025-12-06 14:55:41
474,100473,,F,job,N/A,"507,754",-12,Personal,0.0,3,1,2025-12-10,2025-11-16 14:55:41
475,100474,27.0,Male,job,836003,495217,48,Car,5.0,1,1,,2025-08-17 14:55:41
476,100475,46.0,female,Student,592986,452722,36,Personal,3.0,2,1,2025-09-23,2025-12-27 14:55:41
477,100476,43.0,M,business,--,581597,0,Business,5.0,2,0,2025-08-20,2025-07-19 14:55:41
478,100477,42.0,Male,job,954198,57294,36,Education,4.0,3,0,2025-09-09,2025-08-17 14:55:41
479,100478,44.0,Male,Salaried,524820,518472,12,Personal,5.0,1,1,2025-11-22,2025-10-21 14:55:41
480,100479,50.0,F,STUDENT,"235,230",203878,12,Car,4.0,5,0,2025-05-13,2025-12-28 14:55:41
481,100480,48.0,,self-employed,,651186,60,Personal,5.0,4,1,2025-13-40,2025-10-03 14:55:41
482,100481,29.0,Female,SELF_EMP,"621,491",116817,0,Medical,3.0,3,2,2025-06-28,2025-07-11 14:55:41
483,100482,52.0,female,business,217667,132427,48,Home,1.0,2,5,2025-03-22,2025-10-19 14:55:41
484,100483,57.0,,self-employed,1179191,"₹613,706",12,Home,3.0,4,6,2025-07-26,2025-11-23 14:55:41
485,100484,47.0,Male,SELF_EMP,816422,286033,0,Personal,3.0,3,2,2025-12-03,2025-10-11 14:55:41
486,100485,58.0,Female,Salaried,440606,134416,6,Personal,4.0,3,0,2025-12-02,2025-11-29 14:55:41
487,100486,31.0,female,job,568980,82390,24,Business,4.0,1,0,2025-06-20,2025-11-16 14:55:41
488,100487,50.0,,Salaried,1002170,"454,032",36,Business,4.0,5,3,2025-02-01,2025-07-16 14:55:41
489,100488,23.0,female,Student,"₹410,166",657976,18,Personal,3.0,1,0,23/12/2025,2025-09-14 14:55:41
490,100489,36.0,Male,Student,1094507,"673,303",-12,Personal,0.0,2,5,2025-11-22,2025-07-29 14:55:41
491,100490,39.0,,job,955781,271943,6,Personal,2.0,4,1,2025-11-27,2025-10-29 14:55:41
492,100491,54.0,,job,--,64923,24,Personal,1.0,6,1,2025-08-25,2026-01-14 14:55:41
493,100492,54.0,female,Salaried,357282,334660,-12,Home,0.0,1,5,2025-05-07,2025-12-03 14:55:41
494,100493,23.0,Male,SALARIED,283523,"367,467",0,Car,0.0,2,3,2025-02-13,2025-08-20 14:55:41
495,100494,34.0,Male,,383882,N/A,0,Home,2.0,3,3,2025-11-28,2025-11-15 14:55:41
496,100495,42.0,male,Student,532059,584299,12,Car,5.0,3,6,2025-02-26,2025-09-11 14:55:41
497,100496,40.0,male,self-employed,591014,N/A,18,Education,4.0,4,6,2025-05-19,2025-11-01 14:55:41
498,100497,44.0,Male,SELF_EMP,1041914,55948,60,Personal,5.0,6,1,2025-05-13,2025-10-27 14:55:41
499,100498,48.0,Male,Self Employed,1072963,--,0,Home,5.0,5,4,2025-02-01,2025-11-08 14:55:41
500,100499,55.0,Male,job,305165,483877,36,Medical,1.0,2,2,2025-05-31,2025-07-04 14:55:41
