customer_id,debt_to_income,credit_utilization_clean,missed_emi_months,monthly_spend_stability,rolling_6m_delinquency,balance_volatility,num_past_defaults,enquiry_rate
100000,0.0,0.42,0.0,0.0,0.0,0.2940943355543047,0,0.0
100001,1.0369311691561232,0.92,0.0,1.1478627108425585,0.0,0.12128439335270418,0,1.5
100002,0.0,0.82,9.0,0.08189432193790137,2.0,1.1805722551470974,1,1.3333333333333333
100003,1.2466578422643733,0.75,5.0,0.6151750703303864,5.0,0.13792004834006685,2,0.6666666666666666
100004,0.1904598981420495,0.49,7.0,0.311946799704786,1.0,2.240076051281429,2,0.8333333333333334
100005,0.5997511623687777,0.99,4.0,0.28974549704855057,4.0,0.2200707155551413,2,1.1666666666666667
100006,0.9604546184063113,0.33,0.0,0.0,3.0,0.4813210110428362,0,1.0
100007,0.5512891858887993,0.38,0.0,1.2014111024721799,3.0,0.8399033282298948,1,0.8333333333333334
100008,0.09794092101286436,0.53,6.0,0.6725208293241337,6.0,0.3825471148353863,2,0.8333333333333334
100009,0.0,0.85,6.0,0.4138754781065906,2.0,0.5785008282985672,3,1.1666666666666667
100010,1.1641212632319773,0.26,5.0,0.5250469532889183,4.0,0.340158565188423,1,1.8333333333333333
100011,0.5766945483037335,0.63,0.0,0.7812663931492138,4.0,0.39752111210657853,1,1.1666666666666667
100012,1.0211304308348845,0.16,4.0,0.4812685630860498,0.0,2.819056770859518,2,1.5
100013,0.5624010678762964,0.32,0.0,0.0,4.0,0.1760616004453924,1,0.8333333333333334
100014,0.37984417638153645,0.58,2.0,0.39326409750773567,2.0,0.1267336767007275,2,0.0
100015,1.6944411675380449,0.05,3.0,0.6322934357367763,4.0,1.357478170809407,3,1.0
100016,3.4877644397604297,0.56,0.0,0.0,2.0,0.04837590672828564,1,0.3333333333333333
100017,0.44349894165454046,0.36,0.0,0.0,3.0,0.4844248223288627,1,1.3333333333333333
100018,0.0,0.45,6.0,0.22931111580965186,5.0,0.364032908399702,2,1.1666666666666667
100019,0.05132831537553991,0.38,0.0,0.0,3.0,0.08608161271382449,1,1.6666666666666667
100020,0.18428047714144227,0.75,0.0,0.0,5.0,0.38341593934558216,2,1.3333333333333333
100021,0.5572008945159481,0.17,0.0,0.0,5.0,0.19594946856251638,2,1.3333333333333333
100022,0.7805415548643642,0.11,5.0,0.23287093387616287,2.0,3.736019934835195,3,0.16666666666666666
100023,0.7697520188941859,0.15,0.0,0.240770292490506,0.0,1.2708172434964249,1,1.6666666666666667
100024,0.0,0.91,7.0,0.8272076605091928,1.0,0.8505624437247978,3,0.8333333333333334
100025,0.19156761039950893,0.34,2.0,0.6517106345343328,2.0,0.18301660706198417,2,1.8333333333333333
100026,1.3845776614172605,0.18,5.0,0.7958471738552492,6.0,0.599598832301524,2,0.6666666666666666
100027,0.22579443952201922,0.81,0.0,0.0,2.0,0.26977719482657725,1,2.0
100028,0.3568956455555968,0.58,0.0,0.0,0.0,0.2660872428639512,1,0.0
100029,0.9352931936111561,0.15,0.0,1.3900229170552423,5.0,0.6168768149185219,1,2.0
100030,0.14241706270581334,0.13,0.0,0.0,6.0,1.5276798539751386,0,1.3333333333333333
100031,0.5035854774049049,0.62,3.0,0.5917635090093813,6.0,1.5513003179499147,1,0.8333333333333334
100032,2.0762007970602667,0.24,0.0,0.0,5.0,0.26945804667214335,1,0.3333333333333333
100033,1.5481707039357682,0.94,2.0,0.8575882892211361,3.0,0.09222766990554888,2,1.1666666666666667
100034,0.5493530421050279,0.93,0.0,1.2716453641628005,0.0,0.21569522216235978,1,1.1666666666666667
100035,1.6236588326075745,0.48,0.0,1.2096211934422867,6.0,0.23671539729809307,1,0.3333333333333333
100036,0.5619369649697825,0.01,5.0,1.0122381946447134,5.0,0.5636422782659122,3,0.16666666666666666
100037,2.9253538292184307,0.05,0.0,0.0,3.0,0.3185245247386774,1,1.6666666666666667
100038,0.0,0.94,7.0,0.6810015625450726,0.0,0.5578746646424222,2,1.1666666666666667
100039,0.0,0.71,6.0,0.5547951052150591,4.0,0.45983772232004383,2,1.1666666666666667
100040,0.0,0.32,0.0,0.0,6.0,0.34011937757001204,1,0.3333333333333333
100041,0.0,0.86,2.0,0.20016638402784742,4.0,0.4566993860052306,2,0.0
100042,0.0,0.84,1.0,0.6633744492512701,2.0,0.26938896223657177,1,1.1666666666666667
100043,0.42612107719681275,0.46,2.0,0.47184243478687343,4.0,0.9878773642936576,2,0.0
100044,0.0,0.12,8.0,0.6600496959196477,6.0,2.812981788911398,2,0.16666666666666666
100045,0.0,0.09,2.0,1.081835734947817,1.0,0.1374492053476689,2,0.6666666666666666
100046,0.0,0.63,1.0,0.2866287116566255,4.0,0.08519055343437021,1,0.3333333333333333
100047,0.29137380379609096,0.09,4.0,0.5903366538209891,5.0,0.9943463796227716,1,0.3333333333333333
100048,1.3016657822187132,0.83,2.0,1.0044097081659935,6.0,0.2340961727590193,2,1.5
100049,0.0,0.78,1.0,0.5053439232285036,0.0,1.8361767909641546,1,1.1666666666666667
100050,0.47795520822146403,0.03,6.0,0.5751238206140183,0.0,0.3042522885928749,1,2.0
100051,0.18179177265406982,0.24,4.0,0.5559500133901334,3.0,0.32763062504304385,2,1.3333333333333333
100052,1.6280224083644472,0.7,0.0,0.0,2.0,0.17009472758373956,1,0.5
100053,0.0,0.92,9.0,0.4301241754658262,2.0,0.2368844405198007,1,1.0
100054,0.9938652158167929,0.03,3.0,0.21326516913653532,1.0,0.913987491644165,2,0.0
100055,0.31538251951975677,0.04,3.0,0.3902677179246855,4.0,0.2779181972847674,1,0.0
100056,0.7198659025787966,0.0,1.0,0.6330241786460445,0.0,0.3128086212944602,0,0.3333333333333333
100057,0.0,0.67,2.0,0.24257239692031485,2.0,0.30258749933909007,2,1.8333333333333333
100058,0.6053671025114236,0.08,5.0,0.7098148413532323,3.0,1.624840520899017,2,0.5
100059,0.17524267370048144,0.37,0.0,0.8123658596813638,1.0,0.30620591320049384,1,2.0
100060,0.15728149409402226,0.1,5.0,0.5622464583240799,1.0,0.36575470674669674,2,0.6666666666666666
100061,0.937698967034429,1.0,0.0,0.8622699618958237,1.0,0.4638287968263345,0,0.5
100062,0.0,0.96,4.0,0.42915302419452145,0.0,0.2770428294032288,1,1.8333333333333333
100063,2.753511835467598,0.95,2.0,0.43652055261318173,5.0,0.3649825840190041,1,1.1666666666666667
100064,0.9431969741530843,0.32,0.0,0.0,6.0,0.1413850219604574,2,0.5
100065,0.2864627728806292,0.49,8.0,0.87171357421579,6.0,0.3140431133395117,1,1.5
100066,0.9310014712853879,0.37,5.0,0.8426402298217814,6.0,0.6444375394735242,1,0.6666666666666666
100067,0.13988967067607322,1.0,0.0,0.0,5.0,0.6516239495645477,0,0.6666666666666666
100068,0.5845034512490787,0.49,0.0,0.0,2.0,0.41963854365183734,1,0.3333333333333333
100069,0.2809473514150165,0.33,0.0,0.0,2.0,0.33845329723824635,1,0.6666666666666666
100070,0.3435118363219741,0.49,0.0,0.22782532110209242,4.0,0.3041409629641002,1,1.3333333333333333
100071,0.6865637315882458,0.47,0.0,0.0,3.0,0.6209468584961829,1,1.5
100072,2.520413911339701,0.94,0.0,0.0,1.0,0.4282649802985549,1,1.6666666666666667
100073,0.5255735352149996,0.96,2.0,0.5267100964249717,5.0,0.8761988055294345,2,1.5
100074,0.0,0.81,5.0,0.7095208501922697,1.0,1.0523256900839952,2,1.1666666666666667
100075,1.0737280741676454,0.55,0.0,0.0,2.0,0.0,1,1.1666666666666667
100076,1.4129985333356894,0.26,4.0,0.5826435528600641,5.0,0.7322425175675243,1,0.8333333333333334
100077,0.6596046714932815,0.81,5.0,0.7161042038782323,3.0,0.9135145018495285,3,0.3333333333333333
100078,0.45461564449347663,0.53,8.0,0.44126397463761324,1.0,0.3371429848615904,1,1.8333333333333333
100079,0.8425746336505332,0.45,4.0,0.21833864827770783,4.0,1.310340667109776,2,1.8333333333333333
100080,0.6702409382167261,0.73,0.0,0.0,0.0,0.36929614498608854,0,1.0
100081,0.0,0.55,5.0,0.6424253274054671,1.0,0.8854971771026985,2,0.3333333333333333
100082,0.14150711101676927,0.44,0.0,0.07634395387564581,0.0,0.4885100312628991,0,1.8333333333333333
100083,0.0,0.08,0.0,0.0,0.0,0.1795060579700324,0,1.1666666666666667
100084,0.3999120586165272,0.49,5.0,0.2198290459089055,6.0,0.36327158797535014,3,1.1666666666666667
100085,0.1973636633002044,0.48,7.0,0.5599242990276503,0.0,1.0256528563282472,2,1.6666666666666667
100086,0.6565534508604902,0.96,7.0,0.3417081572499518,6.0,2.78042153238365,1,1.6666666666666667
100087,0.8710747830222328,0.09,4.0,0.22423436305055247,3.0,1.4094301254355193,2,1.5
100088,3.8400759513291485,1.0,0.0,0.5513383308382066,1.0,0.1930976793203856,2,1.5
100089,0.7441083288716221,0.2,8.0,0.38539287479638107,0.0,0.25720638929705575,2,1.5
100090,1.2428977504245866,0.85,0.0,1.3888103166215013,0.0,0.0,0,0.0
100091,0.09450044889059894,0.49,8.0,1.2607211854628357,2.0,2.2349463543168544,2,0.16666666666666666
100092,0.3540998583041241,0.35,0.0,0.644140732748507,2.0,0.2355603774324358,1,1.6666666666666667
100093,0.7070749896935818,0.48,0.0,0.0,2.0,0.2514716847940047,1,2.0
100094,0.4443269938327099,0.17,0.0,1.2388981880179641,4.0,0.9635088945150833,1,1.0
100095,0.0,0.72,8.0,0.9448729883446475,6.0,0.3777856581851529,3,1.8333333333333333
100096,0.8978331433109619,0.03,0.0,0.0,1.0,0.2527421293151376,1,0.16666666666666666
100097,1.3771411087154206,0.66,8.0,0.2691625180035338,6.0,0.4094954869170592,2,0.8333333333333334
100098,0.718193493500863,0.23,5.0,1.0399181908848882,5.0,0.1561615776384318,3,1.5
100099,0.08627982887891025,0.68,8.0,0.3432323923998407,0.0,1.3767134868452455,1,0.3333333333333333
100100,0.632453522195523,0.58,5.0,0.5551065001131164,4.0,0.5700937600557052,1,1.1666666666666667
100101,0.2059146446749845,0.92,9.0,0.6753624366841791,3.0,0.6766051709950471,2,0.3333333333333333
100102,0.22161483458517803,0.03,4.0,0.9678657220672897,6.0,0.9515250992769705,1,0.5
100103,0.3220698631873947,0.84,5.0,0.25668146882432,3.0,0.79585601968597,2,1.8333333333333333
100104,0.706653284046121,0.44,7.0,0.6002707708868144,6.0,0.3874095575418695,3,1.3333333333333333
100105,0.10149183125561285,0.23,8.0,0.5644139900857268,1.0,0.3733469233955683,2,0.3333333333333333
100106,0.0,0.9,7.0,0.6753911788140159,4.0,0.7301106990276427,3,0.5
100107,0.09534607446499839,0.49,0.0,1.7934044670526232,2.0,0.21447292195339837,0,1.5
100108,0.07280112677321443,0.74,5.0,0.5929054483537518,3.0,2.111168155363283,2,1.8333333333333333
100109,2.4332351192615,0.24,7.0,0.519776712711833,1.0,0.29017486297227085,2,0.6666666666666666
100110,1.062918497453825,0.16,0.0,0.30251754645137585,1.0,0.33136685219785866,1,1.5
100111,0.19191341069742687,0.82,0.0,0.175796343909886,2.0,0.22387221715554767,1,1.8333333333333333
100112,0.0,0.88,0.0,0.0,4.0,0.4688576944123435,1,0.16666666666666666
100113,0.4514750930579695,0.21,1.0,0.25409716627785645,1.0,0.42349194167616555,1,0.16666666666666666
100114,0.0,0.49,1.0,0.7705722487052247,4.0,0.9961838357199311,1,1.0
100115,0.25813689327717665,0.7,5.0,0.9750834415214452,0.0,0.8702046888082844,3,1.3333333333333333
100116,3.0849278522045958,0.94,4.0,0.4823490770618877,0.0,0.9799546529472859,1,2.0
100117,0.36171605676689683,0.47,2.0,1.1879460160121118,0.0,0.594776167224487,1,1.5
100118,0.7227284712931702,0.24,0.0,0.0,4.0,0.22964090339177634,0,1.6666666666666667
100119,0.721779974646601,0.39,4.0,0.30782694993367926,0.0,2.442386095559088,2,0.8333333333333334
100120,0.6668088774120298,0.66,3.0,0.5707530647496712,0.0,0.28080901837982614,1,1.1666666666666667
100121,0.21401542260974749,0.81,6.0,0.6095765681453229,4.0,0.22313163325626742,1,1.6666666666666667
100122,1.0073260384213787,0.77,7.0,0.6801208484334291,2.0,1.106836866735849,1,0.16666666666666666
100123,1.7509871003766997,0.79,8.0,0.6068884520765205,3.0,2.2349518409431863,3,1.8333333333333333
100124,0.0,0.18,8.0,0.4463399271676723,5.0,0.38058192833439847,1,0.16666666666666666
100125,0.6253838767400066,0.16,1.0,0.8131387199795711,6.0,0.883507600978595,2,1.6666666666666667
100126,0.0,0.0,0.0,0.0,6.0,0.2228770211980496,1,1.5
100127,0.44035605175421033,0.65,6.0,0.4172191707819877,6.0,0.0,1,1.8333333333333333
100128,0.08351273195860548,0.71,4.0,0.43292287413939506,1.0,4.236161724502153,2,1.0
100129,0.7586625284124984,0.86,5.0,0.8284978421776243,2.0,0.2374303755138092,2,0.8333333333333334
100130,2.674630763743206,0.3,0.0,0.29415605125665006,2.0,0.24399487771657977,0,0.3333333333333333
100131,0.8988283631220892,0.44,0.0,0.0,4.0,0.26825225775701683,2,1.1666666666666667
100132,1.7936473925044194,0.09,0.0,0.0,6.0,0.2610500295149565,1,1.0
100133,0.8068435163480219,0.54,4.0,0.4958003214077508,3.0,0.9723391528971327,1,1.5
100134,0.2951045383950251,0.78,3.0,1.2906333781586332,0.0,1.5485884211309626,2,0.16666666666666666
100135,0.0,0.47,4.0,0.6120015620517361,1.0,1.2079298971605654,1,0.6666666666666666
100136,0.17680471542684487,0.1,0.0,0.0,0.0,0.3248234549756769,0,0.5
100137,1.8936094932982466,0.69,0.0,0.0,6.0,1.0382996963963234,0,1.5
100138,0.0,0.32,7.0,0.8369859558879499,5.0,0.20698232021663554,1,0.0
100139,0.249624106059334,0.92,7.0,0.6099446461385077,2.0,1.1192525555553965,2,1.1666666666666667
100140,0.5815246656483181,0.41,6.0,0.6501503702402206,0.0,0.14216131732756238,2,0.6666666666666666
100141,0.6530785130968113,0.53,0.0,0.0,5.0,0.3357606875734072,1,1.8333333333333333
100142,0.28928903756876234,0.01,9.0,0.20669351568460187,4.0,3.1550280552619867,2,1.6666666666666667
100143,0.9335741243856088,0.05,0.0,0.9310028216926645,6.0,0.42236501546735067,1,2.0
100144,0.0,0.95,8.0,0.6048251402414118,6.0,0.37680496297723354,2,1.6666666666666667
100145,0.0,0.99,7.0,0.8173904338432597,6.0,0.6403993724745574,2,0.3333333333333333
100146,1.3351501301772457,0.05,5.0,0.022235252392073794,1.0,0.47527888228498966,2,2.0
100147,0.6865490073085659,0.0,0.0,0.09783612357086793,0.0,1.1648786039139385,1,0.0
100148,0.5815158848575276,0.49,8.0,0.8505581746735213,5.0,0.19251306285290673,2,1.6666666666666667
100149,0.0,0.35,0.0,0.0,1.0,0.27232166650768375,1,2.0
100150,0.8537862703467799,0.01,7.0,0.7540658075360327,2.0,0.3130538966515945,2,1.3333333333333333
100151,0.9010216851144441,0.02,0.0,0.0,5.0,0.23830772754648538,0,0.3333333333333333
100152,0.5985518158371114,0.67,0.0,0.0,6.0,0.3379637593956691,1,0.5
100153,0.0,0.78,6.0,0.6316211866123495,4.0,3.698965289451337,2,1.8333333333333333
100154,2.351794211589857,0.49,4.0,0.5673706879780993,3.0,0.40260491334044135,2,1.0
100155,1.0336651594149402,0.42,3.0,0.1062966421684117,5.0,0.48856252433667274,1,0.5
100156,2.368816296234582,0.33,0.0,0.0,4.0,0.26716375127818126,0,2.0
100157,0.812824214857026,0.01,3.0,1.0532832317144938,2.0,0.30760173155642373,2,1.5
100158,1.5938887072959051,0.6,3.0,0.46587375911612605,3.0,0.27573418005372446,1,0.0
100159,0.1906585818196167,0.19,5.0,1.5854397100717392,3.0,0.8637118833239636,2,1.5
100160,1.7883316095022022,0.91,2.0,0.6768332319136577,4.0,1.4139104408293435,3,0.3333333333333333
100161,0.6669193170665345,0.49,0.0,0.0,4.0,0.2250109313577321,0,0.3333333333333333
100162,0.6258342585802138,0.2,5.0,0.6376988135580576,1.0,0.7470088406472961,1,0.3333333333333333
100163,0.3932283511094041,0.97,0.0,0.8540246328759775,5.0,0.4420861681823545,1,0.3333333333333333
100164,0.17417187338387458,0.59,3.0,0.8451594305385879,4.0,0.3542428931217913,2,0.8333333333333334
100165,0.8277932425731416,0.26,5.0,0.4025409678010603,0.0,0.9328443749320272,1,1.6666666666666667
100166,0.7355156110194525,0.81,0.0,1.1094624769361916,3.0,0.04365520144461131,0,0.6666666666666666
100167,0.7008337053729251,0.59,5.0,0.5820252809408508,1.0,1.2320077080956449,2,1.8333333333333333
100168,0.0,0.76,2.0,0.45567590144967035,4.0,0.18257600360644333,1,2.0
100169,0.0,0.19,10.0,1.4990139201848112,1.0,0.6884902356872498,2,2.0
100170,0.9495096985554081,0.1,7.0,0.7192310425170729,0.0,3.5986000420988646,2,2.0
100171,1.1841735375519844,0.96,4.0,0.6293599424121659,1.0,4.100109301590265,1,0.8333333333333334
100172,0.0,0.8,5.0,0.5633189770606999,4.0,1.247950077388133,2,1.5
100173,0.2656110884668195,0.4,2.0,0.385069748287825,0.0,0.6322519393838143,1,2.0
100174,0.4568472021630826,0.01,3.0,0.38180699974639487,2.0,0.3359368365085322,2,1.8333333333333333
100175,0.0,0.02,0.0,0.0,3.0,1.4138799427547009,1,1.1666666666666667
100176,0.7574699390545215,0.28,2.0,0.6849206736927794,1.0,0.4392786972348683,1,1.6666666666666667
100177,0.43989768515209376,0.94,0.0,0.3169992197691631,0.0,0.4336732554629689,2,1.5
100178,0.4264012249261378,0.59,0.0,0.7962989524263684,1.0,0.9301617114586935,0,0.0
100179,1.3749762600403244,0.81,0.0,0.0,0.0,0.10344828918568173,1,0.6666666666666666
100180,0.3104357039608582,0.92,4.0,1.94852297464035,3.0,1.0623134138863504,3,1.0
100181,0.338022111042772,0.66,0.0,0.3515697073486848,1.0,0.3110391808761554,1,1.3333333333333333
100182,0.5469565260684272,0.34,3.0,0.4190220654715659,0.0,1.9992033459470224,3,0.5
100183,1.5726638812851175,0.08,0.0,0.0,4.0,0.126212829565731,1,1.5
100184,0.23454071095768775,0.85,7.0,0.30003399584488516,5.0,0.3085836118239439,2,0.8333333333333334
100185,0.2872769043886523,0.81,9.0,0.48522620168981484,2.0,1.3798333477375557,2,1.3333333333333333
100186,0.6310903888717371,0.29,5.0,0.10444449445937957,5.0,0.712059180822919,2,0.8333333333333334
100187,0.818788426638329,0.53,0.0,0.0,3.0,0.193092181711294,1,1.8333333333333333
100188,1.7531969217232004,0.21,3.0,0.6207161475484309,6.0,1.5836608294333119,2,0.6666666666666666
100189,2.03958198664081,0.18,0.0,0.0,5.0,0.28779195017953163,1,0.5
100190,0.5285831217426166,0.66,6.0,0.29684563632420824,0.0,1.538743605406708,2,1.5
100191,1.4308345589358424,0.4,4.0,0.5843036082962495,1.0,0.20929866746720047,2,2.0
100192,1.8909117439080512,0.48,2.0,0.4731069338806324,5.0,0.42544826571164623,2,0.5
100193,1.3675195770068276,0.32,2.0,0.3513236204004824,0.0,0.7240117984035155,2,1.1666666666666667
100194,2.557873631552478,0.0,8.0,0.0437907839071045,4.0,0.24714355082529146,2,0.0
100195,0.0,0.91,0.0,0.9657689568873621,3.0,1.548861083692042,1,2.0
100196,0.0,0.2,1.0,0.056562843467874144,5.0,0.29828266175984314,1,0.6666666666666666
100197,0.0,0.16,3.0,0.7928424495861264,2.0,0.14045817559152876,1,1.1666666666666667
100198,0.0,0.01,8.0,0.939490045255559,4.0,0.32794615505911867,3,0.5
100199,1.3745812118214935,0.91,0.0,0.0,2.0,0.3119903011554483,2,0.8333333333333334
100200,0.0,0.82,0.0,1.0504961542858082,1.0,0.12013037602489084,2,1.3333333333333333
100201,0.10526796150705331,0.49,0.0,0.7737661736718515,0.0,1.3674428285488507,2,0.16666666666666666
100202,0.6887713829902703,0.16,6.0,0.23513837938978494,0.0,0.6341277950116531,2,1.0
100203,0.9243737051548344,0.62,0.0,0.40374798635371595,0.0,1.3063915008426936,1,0.6666666666666666
100204,0.2675393395890964,0.29,2.0,0.6779210328175092,5.0,0.1456837520493972,2,1.1666666666666667
100205,0.0,0.76,3.0,0.5633158199045115,0.0,0.2800870142142938,1,2.0
100206,4.273108037976615,0.88,5.0,0.40352729842315643,0.0,2.71573621069275,1,1.0
100207,0.8192006527785227,0.76,6.0,0.6308954072039094,6.0,0.4062856433816158,1,0.3333333333333333
100208,2.3696942103954686,0.26,8.0,1.0151971333083427,1.0,0.8771744020197197,3,0.3333333333333333
100209,1.749764037562703,0.49,5.0,0.1991773370038882,5.0,0.0,3,0.0
100210,1.915779100178145,0.63,5.0,0.016423980258491382,3.0,0.24964280841534917,1,1.0
100211,0.49756168510972415,0.09,0.0,1.1852282057712338,4.0,1.0886321149376845,0,1.0
100212,0.0,0.23,7.0,0.12441795934310564,4.0,0.2880545162801942,3,1.3333333333333333
100213,2.6371036411846975,0.86,4.0,0.3882253007613551,0.0,0.2877054955794826,3,1.1666666666666667
100214,0.42855126382545394,0.5,10.0,0.03941509371162472,2.0,0.5836599030784373,1,2.0
100215,3.0016246428258895,0.66,3.0,0.3873778920959276,5.0,3.599177578621314,1,0.16666666666666666
100216,0.5176343506138075,0.46,7.0,0.19885914166389934,0.0,0.15568104031527275,1,2.0
100217,0.6170653455642506,0.53,5.0,1.0053448698968228,5.0,0.9179939684773062,3,0.16666666666666666
100218,0.0,0.86,0.0,0.4461614207623023,6.0,2.450419335689784,1,1.3333333333333333
100219,0.0,0.68,7.0,0.5042510014345922,0.0,2.823666643981504,2,1.3333333333333333
100220,1.059982260230024,0.12,0.0,0.0,1.0,0.1561118975026712,2,0.8333333333333334
100221,0.164323170924423,0.49,0.0,0.0,1.0,0.3732543984977199,2,1.5
100222,0.0,0.27,4.0,0.8764060896244191,6.0,0.20566350457641916,2,1.3333333333333333
100223,0.0,1.0,2.0,0.9379971365476544,2.0,2.729931058024216,3,1.6666666666666667
100224,0.29259413551674246,0.04,0.0,1.1386568418679175,4.0,0.023288798941280362,1,1.6666666666666667
100225,1.0205587848131221,0.41,0.0,0.0,6.0,0.29931424623049857,1,1.8333333333333333
100226,0.5225528336697526,0.46,3.0,0.5879365303541596,0.0,2.1278746452115316,2,1.6666666666666667
100227,0.3871553908550644,0.66,0.0,1.0768416712887114,0.0,1.1674664117511522,0,1.1666666666666667
100228,1.3104851045533847,0.19,7.0,0.13326999257833627,6.0,0.2401704832285855,2,2.0
100229,0.0,0.32,4.0,0.7395910183455515,1.0,0.2854428564278174,2,0.8333333333333334
100230,0.0,0.71,3.0,0.723331506025819,3.0,0.8545014497177288,2,1.8333333333333333
100231,0.119501676623755,0.28,3.0,0.6464364062713027,6.0,0.1224492512504641,3,2.0
100232,0.23628218122466704,0.47,0.0,0.0,2.0,0.3657607014934418,1,1.8333333333333333
100233,0.2714915686049756,0.17,7.0,0.19156156197142207,0.0,2.2156083582442343,1,2.0
100234,0.6590686854670856,0.19,0.0,0.7915998485357378,1.0,0.6980259126074386,1,0.0
100235,0.0,0.05,4.0,0.8631051662111812,0.0,0.6969258762034186,3,1.5
100236,0.7644979306631641,0.63,6.0,0.9609593606112339,2.0,3.8579523629750465,1,0.6666666666666666
100237,0.9841764357969939,0.23,7.0,0.30254363360915965,2.0,1.4189105100643717,3,0.3333333333333333
100238,0.23863239686089957,0.42,4.0,0.46387819456980806,3.0,1.043453717023769,1,0.5
100239,0.0,0.81,3.0,0.47207484227103413,3.0,0.21266084166414106,2,0.8333333333333334
100240,0.5675162357554221,0.66,0.0,0.0,4.0,0.0,0,1.3333333333333333
100241,1.1871055486789224,0.1,7.0,0.4064897793271731,0.0,0.940747823336501,2,1.0
100242,0.05548920027318955,0.94,0.0,0.40703589282031516,5.0,0.2239007539287108,2,0.6666666666666666
100243,0.0,0.19,5.0,0.4233190941035355,2.0,0.36218582459235193,2,0.16666666666666666
100244,2.0354124321744815,0.52,5.0,0.1853431591720494,2.0,0.5731131429842139,3,2.0
100245,0.2851786895459548,0.35,7.0,0.3699721141955843,1.0,1.370503030697785,2,0.6666666666666666
100246,0.0,0.32,0.0,0.8715157504295181,2.0,1.3642068895717296,1,1.5
100247,0.5953875402354899,0.14,2.0,0.011941489670219137,4.0,0.1960964102886055,2,1.6666666666666667
100248,0.8464176413432611,0.61,7.0,1.3652650319899817,0.0,0.8233714677284303,1,0.0
100249,0.0,0.24,0.0,0.0,4.0,0.5387555627325583,1,1.6666666666666667
100250,0.4752218476735349,0.26,3.0,0.30697769438745126,0.0,0.22198859766668433,2,0.5
100251,0.0,0.65,4.0,0.8321147034706993,6.0,1.060951542673831,2,0.3333333333333333
100252,0.8548438892230871,0.99,6.0,0.575875885656613,5.0,0.2812917364966933,2,0.6666666666666666
100253,1.6222754536918154,0.04,2.0,0.7928313976213391,0.0,0.45188125550160624,1,1.0
100254,0.5496584596096064,0.62,3.0,0.07409319347285008,4.0,0.527618835708329,2,0.3333333333333333
100255,0.16940299734428962,0.65,0.0,1.28154055211634,0.0,0.7775871858991529,0,1.0
100256,0.0,0.49,0.0,1.634783378968451,6.0,0.48159107610794427,2,0.6666666666666666
100257,0.48289992474416765,0.1,6.0,0.7488734846556604,1.0,0.2941073661858551,2,1.1666666666666667
100258,0.6590088321774443,0.02,1.0,0.11674176895696209,6.0,0.13979057196208353,1,0.0
100259,0.24693442004196656,0.22,4.0,0.6584921402725143,3.0,0.21263407799969475,3,0.3333333333333333
100260,0.8350915834823749,0.72,0.0,1.1219133579532923,6.0,0.12301696648191437,2,2.0
100261,0.0,0.75,4.0,0.5635112288291672,4.0,0.5614426605163144,2,1.3333333333333333
100262,0.0,1.0,5.0,0.301426656121804,3.0,1.014384203747387,2,1.3333333333333333
100263,0.5514283581304517,0.75,2.0,0.819120382910085,3.0,0.8461470620550732,1,1.3333333333333333
100264,0.39921289598546417,0.41,6.0,0.4436734466612744,0.0,0.17561566850580787,2,0.3333333333333333
100265,0.7991727483751732,0.57,7.0,0.4642752623946976,2.0,3.3116099624936943,2,1.6666666666666667
100266,1.0522046822442193,0.87,7.0,0.8971402435995668,6.0,0.17643575815339174,2,2.0
100267,1.2993746494968628,0.85,6.0,0.8454481154531887,6.0,0.29719324743348624,2,1.6666666666666667
100268,1.1570804762990372,0.78,1.0,0.6423937437856441,1.0,1.272905515523778,2,1.6666666666666667
100269,0.1287085461229627,0.89,0.0,1.3719982321530027,0.0,0.5026951722051115,0,1.3333333333333333
100270,1.0012948324681454,0.58,4.0,0.948624817752645,1.0,0.5364384088757846,1,0.16666666666666666
100271,0.3284998854374652,0.33,0.0,0.0,5.0,0.1379709061886669,1,1.6666666666666667
100272,1.2658498494947852,0.95,3.0,0.8300363182274736,1.0,1.1524918499848926,1,1.0
100273,0.48509954795220284,0.94,3.0,1.0273990465131284,4.0,0.7409769210677895,1,1.1666666666666667
100274,0.38583874948479,0.74,5.0,1.1079559904073675,3.0,0.04652371796833052,1,0.16666666666666666
100275,0.0,0.45,0.0,1.212087890717052,0.0,0.19593835039797555,1,0.3333333333333333
100276,0.0,0.66,5.0,0.6923663449931443,2.0,1.888634077150929,1,0.8333333333333334
100277,0.6853219355220119,1.0,0.0,0.0,0.0,0.38988049650658907,1,0.8333333333333334
100278,0.10036461145653816,0.86,0.0,0.0,2.0,0.5441720468654664,1,1.0
100279,0.31714549428919664,0.42,6.0,0.5735945228275622,1.0,2.232790791974568,1,0.5
100280,0.0,0.67,7.0,0.9265128395673954,4.0,0.3658411912195949,1,1.6666666666666667
100281,0.3624696263877888,0.88,3.0,0.543392685960273,0.0,1.5030970993896031,1,0.16666666666666666
100282,2.5577296915929235,0.88,3.0,1.0373407828550667,1.0,0.1442255320531321,2,1.8333333333333333
100283,0.9656020001370438,0.91,9.0,0.7972489047271433,3.0,0.5669719917615453,2,0.8333333333333334
100284,0.6664979194598237,0.36,0.0,0.703152153164634,0.0,0.1422008629418414,2,1.3333333333333333
100285,0.0,0.51,5.0,0.03264394290601439,3.0,0.09962290489008856,2,1.1666666666666667
100286,1.349187849797184,0.7,0.0,0.5153466531125556,5.0,0.0,1,0.3333333333333333
100287,1.5546938784492452,0.74,7.0,0.06750741061070875,0.0,0.22876755636626145,2,1.6666666666666667
100288,3.0193377133454242,0.88,1.0,0.33652947454087984,4.0,1.5407601480697435,2,1.6666666666666667
100289,1.0464650860356792,0.28,5.0,0.45847767518909843,1.0,1.7348832105255036,2,1.5
100290,0.24284188706708146,0.46,6.0,0.7207578072117966,4.0,0.0,2,1.6666666666666667
100291,1.0147574924960407,0.01,1.0,0.38426943571090133,4.0,0.6280104338838265,2,1.1666666666666667
100292,0.0,0.62,0.0,0.0,6.0,0.17627793080026938,1,0.8333333333333334
100293,0.1219002138462144,0.39,2.0,0.08770274024261794,6.0,1.5137370496838063,1,2.0
100294,0.7512292048945165,0.5,7.0,0.18293047751136804,5.0,1.9834419386520281,2,1.8333333333333333
100295,0.5788267043965833,0.5,8.0,0.5077150576234972,3.0,1.2254932210871512,1,1.3333333333333333
100296,0.09166484484435854,0.4,5.0,0.6216843287095698,0.0,0.4469267487941689,2,2.0
100297,1.2485735344178739,0.17,8.0,0.8467203686980226,4.0,0.5275898302567141,3,0.3333333333333333
100298,0.46646109732605695,0.32,8.0,0.8116713490387576,3.0,3.311017216931804,1,1.6666666666666667
100299,0.5175167054965356,0.48,7.0,0.2198546768562633,2.0,0.35674879337527066,3,1.3333333333333333
100300,0.0,0.28,4.0,0.14430750636460155,1.0,0.8273835971095315,2,1.5
100301,0.0,0.11,8.0,0.6448190601636558,6.0,1.8817917136782982,1,1.8333333333333333
100302,1.260819913081177,0.3,8.0,0.3686116072812969,0.0,0.8338814093788613,3,1.5
100303,0.8944338008544469,0.59,9.0,1.5698924004963561,0.0,0.5846528392571715,2,1.0
100304,0.7024481467835371,0.0,1.0,0.3682065066752479,3.0,0.16352094801565717,0,0.0
100305,0.6845592398888903,0.83,0.0,0.03522160810154537,6.0,0.22710219129665404,0,1.3333333333333333
100306,0.8655049712616882,0.85,3.0,0.0258973796758198,3.0,0.6670575430693798,2,1.5
100307,0.8676946919798527,0.45,0.0,1.1649816572494271,5.0,0.0824905848889019,1,0.16666666666666666
100308,0.8669714635914596,0.22,9.0,0.910565985770796,6.0,0.9184920421942371,1,1.6666666666666667
100309,1.2225405532162192,0.41,6.0,0.6647348142366899,4.0,0.20213082821293163,1,0.5
100310,3.0674422236889174,0.31,5.0,0.4551829481989606,0.0,0.38464823357787253,2,1.6666666666666667
100311,0.0,0.91,8.0,0.3759100074722684,0.0,0.14322931993144747,1,1.3333333333333333
100312,0.09366651445726852,0.13,8.0,0.7151091710989257,5.0,0.6804884809142747,2,0.0
100313,0.6028837673699098,0.92,0.0,0.0,4.0,0.5758827756763967,2,0.5
100314,2.232304253013866,0.82,1.0,0.40091479660688645,1.0,0.20870171988947978,1,0.0
100315,0.682104209454445,0.82,6.0,0.602500885556665,0.0,0.3534832873819374,1,1.3333333333333333
100316,0.2578214658778451,0.16,7.0,0.8349753760852303,5.0,0.15244241544206347,1,1.5
100317,1.8183262251960057,0.44,3.0,0.6869351196497223,2.0,1.4344859591951964,3,0.3333333333333333
100318,0.7453663902521577,0.16,3.0,0.6911813503021785,1.0,0.3702821229057207,3,0.6666666666666666
100319,0.0,0.49,6.0,0.5050028066365017,5.0,0.22673947836635902,2,1.3333333333333333
100320,0.6054805478021816,0.03,2.0,0.6944960096569691,1.0,0.43708753956623403,3,0.6666666666666666
100321,0.5597408548703106,0.47,2.0,0.4687923234821557,5.0,0.6709502899622304,2,1.1666666666666667
100322,1.3633441086205855,0.57,4.0,0.646285389471071,6.0,0.671150154430802,3,0.3333333333333333
100323,1.066626563188396,0.96,2.0,0.34832540865914285,6.0,1.5179227507325097,3,0.6666666666666666
100324,0.7522341732295708,0.53,5.0,0.539993037936477,2.0,0.9559268730449214,2,0.6666666666666666
100325,0.2094464687644436,0.07,1.0,0.7166782646124947,0.0,0.38790891959785706,1,1.5
100326,0.31943481570816773,0.24,6.0,0.6278289092493928,5.0,0.8048898933616679,1,2.0
100327,0.8459475003819298,0.01,0.0,0.7301406627378041,5.0,1.43127348301973,1,0.8333333333333334
100328,1.3953396916861225,0.96,2.0,0.5316818666895775,3.0,0.1695833525610197,2,0.3333333333333333
100329,2.5934854779840024,1.0,0.0,1.1797196774153766,1.0,0.16446544806339292,1,1.5
100330,0.0,0.99,8.0,0.7767492416021615,1.0,2.212785814008612,3,0.16666666666666666
100331,0.47038098434764875,0.17,5.0,0.15508659313802198,1.0,0.0,1,2.0
100332,0.28018517950761873,0.61,8.0,1.517084586376383,3.0,0.6477681599142394,1,0.0
100333,0.7655580325604031,0.98,6.0,0.8246782082298337,2.0,0.25818332062452864,2,1.0
100334,0.0,0.13,2.0,0.2916575311204535,0.0,0.3020607532000964,3,1.1666666666666667
100335,0.526352599892706,0.93,0.0,0.0,1.0,0.2582933486341319,1,0.16666666666666666
100336,0.9328726827767619,0.26,0.0,1.1760101465292352,4.0,1.057615377791301,0,1.8333333333333333
100337,0.14840186957041399,0.88,0.0,0.0,1.0,0.2823632082035637,1,1.5
100338,0.49612996803854204,0.9,0.0,0.0,0.0,0.728336449469878,1,1.3333333333333333
100339,0.31742411828373357,0.56,4.0,0.5569783875408022,5.0,0.24383942793433902,3,0.0
100340,0.0,0.87,0.0,2.0076185900768704,2.0,0.8467902366589682,1,1.5
100341,0.31600036705105067,0.2,3.0,0.4115912423899826,1.0,0.4143055463057855,2,0.0
100342,0.16330685992256527,0.3,0.0,0.5824486106657398,0.0,0.6033137453625549,2,0.16666666666666666
100343,0.3505425829228996,0.49,0.0,0.0,2.0,0.05584204413472705,0,0.6666666666666666
100344,1.9209622077409259,0.9,0.0,0.0,3.0,0.2416838339740914,0,2.0
100345,1.7129589201731514,0.55,7.0,0.6612912244825727,1.0,0.4925836140640314,2,1.5
100346,0.5681119996463867,0.23,5.0,0.5276582749749895,2.0,1.1076233517254845,1,1.1666666666666667
100347,0.8017807968771191,0.65,6.0,0.42326701587270177,3.0,0.4174715073476694,1,0.6666666666666666
100348,1.6224490460588454,0.61,0.0,0.20713150676614192,5.0,0.28023262116812353,0,0.3333333333333333
100349,3.477306609616034,0.14,3.0,0.6828074705855155,3.0,3.000351846398779,1,0.5
100350,0.2790899336388502,0.6,5.0,0.4715383387092979,3.0,0.6327289100965193,1,1.6666666666666667
100351,0.2465982810496515,0.15,0.0,0.7438395288969307,0.0,0.7570838710758633,2,0.6666666666666666
100352,1.5571578546624982,0.77,6.0,0.24205138302723525,2.0,0.14728648957704088,2,0.0
100353,1.7989493601553552,0.34,0.0,0.0,5.0,0.7756524971153683,1,1.6666666666666667
100354,3.1650941424780057,0.8,0.0,0.0,5.0,1.739996376930488,1,1.3333333333333333
100355,1.6251633752887042,0.63,0.0,0.0,0.0,0.932947361118481,1,0.3333333333333333
100356,0.5063498769332501,0.11,1.0,0.9015285263196048,3.0,0.2286073596948738,2,0.0
100357,0.3524384836909925,0.53,0.0,0.0,6.0,0.25635699477995827,1,1.3333333333333333
100358,0.1320752239119586,0.8,5.0,1.092427675343089,4.0,0.43410478599357916,3,0.6666666666666666
100359,0.0,0.05,0.0,1.2465006339532696,0.0,0.20247957461020388,0,0.5
100360,0.38012427232335455,0.14,0.0,0.0,3.0,0.5873769625303861,2,1.6666666666666667
100361,0.185780039435736,0.27,0.0,0.6514239505055253,6.0,0.0,1,1.0
100362,0.0,0.49,1.0,0.38604491012121495,5.0,0.34904052674495584,1,0.3333333333333333
100363,0.0,0.03,3.0,0.7192161860455277,0.0,0.1805384912671104,1,1.5
100364,0.2461690402072048,0.81,1.0,0.7196987475216943,0.0,0.4215604887105938,2,0.0
100365,0.8052325129378038,0.89,0.0,0.516544151802304,6.0,0.1152133472188745,1,2.0
100366,0.12878975692202407,0.49,4.0,0.6823551035809399,0.0,0.12647770110552561,1,0.5
100367,0.19534446700815325,0.82,8.0,0.6395086634889781,0.0,1.7066161737180139,3,1.6666666666666667
100368,0.0,0.39,4.0,0.11157218496222072,0.0,3.1434321437192234,3,1.8333333333333333
100369,0.7131399805872466,0.7,4.0,0.8660753308333871,0.0,3.738016630350892,2,1.6666666666666667
100370,1.1549274598352652,0.63,10.0,1.1774477221789994,3.0,0.6757510099306867,3,0.8333333333333334
100371,0.5982381138770136,0.14,5.0,0.41700108743940084,2.0,0.0,1,1.8333333333333333
100372,0.2973610535047698,0.64,3.0,0.8566515280400465,1.0,0.5814101056160219,2,1.0
100373,0.9074857509460628,0.22,3.0,0.7246355118181426,2.0,0.13275155182428264,3,1.1666666666666667
100374,1.1594202188949494,0.06,0.0,0.0,1.0,0.19786612363169265,1,2.0
100375,0.5647012754942586,0.78,2.0,0.6382831990168994,0.0,0.34286366640274407,1,0.5
100376,2.3854607379821573,0.72,6.0,0.6750732880900263,2.0,0.3396896128520895,2,0.3333333333333333
100377,0.329672897949447,0.63,9.0,0.6709363776227186,1.0,0.17816233703470222,2,0.3333333333333333
100378,0.0,0.19,5.0,0.5418234015386971,6.0,0.20936635426369182,1,1.6666666666666667
100379,0.8829917149252691,0.42,0.0,0.0,3.0,0.8688500998568262,1,1.8333333333333333
100380,0.77828469172571,0.97,4.0,0.2566581724759355,0.0,0.4378702327974558,1,1.0
100381,0.10510394816192237,0.49,3.0,0.5313842714828462,2.0,0.3418442105221688,2,0.5
100382,1.1323745897268351,0.75,1.0,0.2355002875931204,0.0,0.218317376068964,1,1.1666666666666667
100383,0.2336025683166484,0.98,5.0,0.8282410703488613,3.0,0.19341980206832285,3,1.0
100384,0.770657974855833,0.27,0.0,0.0,1.0,0.1815989978093738,0,2.0
100385,0.5236025159221116,0.59,6.0,0.794970741802015,1.0,0.31929572299460546,2,1.6666666666666667
100386,1.5099658399565625,0.64,5.0,0.742551091040726,4.0,0.7079891302376164,3,0.16666666666666666
100387,0.0,0.01,1.0,0.6954545445494752,1.0,0.25178232393616146,1,0.0
100388,1.2641742025464524,0.53,1.0,0.8011010314025555,2.0,0.347217044148791,0,1.5
100389,0.0,0.41,2.0,0.037989261166899047,2.0,0.4629153285554765,2,1.3333333333333333
100390,0.0,0.87,5.0,0.3517133354380121,0.0,1.0780640046938916,2,0.0
100391,0.0,0.49,4.0,0.46275903993088197,1.0,1.387259845676573,3,0.0
100392,0.0,0.25,4.0,0.6804848267422958,5.0,0.8838860093702379,1,1.8333333333333333
100393,0.6531280282694807,0.26,1.0,0.5890206639064707,5.0,0.2667333675521019,2,0.16666666666666666
100394,1.2831272320886276,0.6,3.0,0.5544420541255484,1.0,0.22667385595660272,3,0.3333333333333333
100395,0.0,0.0,0.0,0.0,0.0,0.3530798833630081,0,0.6666666666666666
100396,0.29060547654200564,1.0,1.0,1.2054310722251678,0.0,0.35183607803109856,0,0.5
100397,0.6728464334952731,0.33,9.0,1.3930822326010415,1.0,0.0,2,1.1666666666666667
100398,0.0,0.27,2.0,0.0036005857253521146,1.0,0.7476831113582251,3,0.6666666666666666
100399,2.738277774769269,0.6,6.0,0.8147707939363168,1.0,0.4773752191219038,2,1.8333333333333333
100400,0.5072529860956133,0.32,3.0,0.4996322447200356,0.0,0.734213343002991,2,1.3333333333333333
100401,0.5910546057129712,0.14,9.0,0.6901920938551481,3.0,0.3874772983873268,3,1.8333333333333333
100402,0.9008038146033532,0.49,6.0,0.6827207779373277,6.0,0.4082867149541277,2,1.5
100403,0.0,0.59,1.0,0.8316903326703743,0.0,1.1325771678488048,0,1.1666666666666667
100404,0.29002037254744467,0.5,1.0,0.26287863408473405,2.0,1.2136580180586096,0,0.3333333333333333
100405,3.35926291340363,0.83,0.0,0.0,0.0,0.3602950538750057,1,1.5
100406,0.5819249375300041,0.89,4.0,0.32305141097343093,0.0,2.235119204596913,2,0.8333333333333334
100407,0.5354417528647155,0.02,2.0,0.16773009904010533,3.0,0.36266692917544413,1,2.0
100408,0.3102651704495104,0.12,5.0,0.3350596194725618,0.0,1.222371334648489,1,2.0
100409,0.6517601175476546,0.18,0.0,0.30007844026604114,3.0,0.3584843728732061,1,2.0
100410,0.5037670149748585,0.87,0.0,0.0,2.0,0.28897829971074945,2,0.3333333333333333
100411,0.0,0.61,0.0,0.0,0.0,0.29375082696346727,1,0.16666666666666666
100412,0.6919585196834914,0.0,7.0,0.07736483904219059,3.0,1.7157022859580036,2,0.0
100413,0.43849911062520464,0.49,5.0,1.0446085662638243,3.0,0.5717748233536507,2,0.16666666666666666
100414,0.6324508096951138,0.69,0.0,0.9822463334564461,5.0,0.13927409288552875,1,1.6666666666666667
100415,2.3352652551998956,0.57,2.0,1.6494116734855822,5.0,3.3932635701918787,2,0.16666666666666666
100416,2.9302858255748476,0.12,2.0,0.43787028334469463,5.0,0.19099484287882104,3,2.0
100417,1.225899076465524,0.73,6.0,0.3726727297479321,6.0,0.3100401095119766,2,0.16666666666666666
100418,0.5091113751765098,0.29,0.0,0.0,3.0,0.3261190554917564,1,1.0
100419,0.16059003173290654,0.46,3.0,0.8253515151625197,3.0,0.802101571364774,1,1.1666666666666667
100420,0.8577096050753751,0.59,5.0,0.5380511898091378,6.0,0.3868344083869182,1,0.6666666666666666
100421,2.447819994486814,0.52,9.0,0.42795145804311907,2.0,1.146446446151078,2,1.0
100422,0.5371897138947692,0.35,0.0,0.0,6.0,0.665729993776489,1,1.6666666666666667
100423,0.8801358391031981,0.75,0.0,0.0,6.0,0.4190972961786267,1,1.8333333333333333
100424,0.38257156484256183,0.49,0.0,0.0,1.0,0.24140846527039445,2,0.16666666666666666
100425,0.6959450978946528,0.61,2.0,0.6017978900483447,4.0,1.9709617736921097,2,1.3333333333333333
100426,0.7005940673730275,0.7,6.0,1.464597614211622,0.0,3.739890191462733,3,2.0
100427,0.22117214925104964,0.13,5.0,0.028698618160549118,5.0,0.9802972713919413,1,1.1666666666666667
100428,0.7164655353636172,0.89,0.0,1.1765172943962177,0.0,0.4158980000614541,2,0.3333333333333333
100429,0.3909272004104013,0.58,2.0,1.151496279898979,4.0,0.9295638324040181,3,1.5
100430,0.1371259841115685,0.42,4.0,0.40095382581212824,4.0,0.559564950938626,2,0.0
100431,0.0,1.0,0.0,0.0,5.0,0.19139997397311165,1,1.1666666666666667
100432,3.578900605578807,0.39,3.0,0.5795571186997136,1.0,0.8733232874667606,2,1.8333333333333333
100433,0.7293810445539278,0.31,1.0,0.2646089878083886,2.0,1.1217360749446879,0,1.5
100434,0.28211325258221004,0.63,8.0,0.8800039287213509,3.0,0.45858551272877685,1,1.0
100435,0.0,0.3,0.0,1.1349174669827973,0.0,0.36139327970685237,0,0.3333333333333333
100436,2.8203805224121252,0.06,0.0,0.0,4.0,0.08055901396126254,2,1.5
100437,0.33942584387937463,0.65,4.0,0.7893445351744692,2.0,0.31270873647090147,1,0.8333333333333334
100438,0.3964309477813699,0.49,0.0,0.0,4.0,0.27935318330821707,0,1.3333333333333333
100439,0.0,0.94,9.0,0.5348766332408219,4.0,0.9216245029354486,3,1.1666666666666667
100440,0.7502660722605243,0.02,4.0,0.6961563291652033,6.0,0.49858286139989166,3,0.16666666666666666
100441,1.1448707770447082,0.37,0.0,0.0,4.0,0.2719827073166794,2,2.0
100442,0.5746441683825619,0.37,0.0,1.236509484962736,4.0,0.7920950914921738,1,1.8333333333333333
100443,0.5588001257547999,0.88,0.0,0.690641182824279,5.0,0.5300985069992601,0,1.0
100444,0.35990282986874583,0.48,0.0,0.3280827026259148,0.0,0.1960722597301031,2,0.16666666666666666
100445,0.0,0.77,0.0,0.0,2.0,0.24376847031338755,0,1.6666666666666667
100446,0.0,0.13,7.0,0.42566931571943123,2.0,0.016778212410459403,1,1.5
100447,0.0,0.41,2.0,0.8645207442518231,4.0,0.26103605807605573,2,1.1666666666666667
100448,0.7184633725649351,0.4,3.0,1.662429415550393,5.0,0.5031716486015911,1,0.8333333333333334
100449,1.6849372585714628,0.0,7.0,0.87463285686547,1.0,0.29469648733794257,3,2.0
100450,1.1504387023441576,0.44,0.0,0.16798930303926182,3.0,0.9086171037830342,1,0.0
100451,0.36853449425673696,0.78,7.0,0.4797097115691664,2.0,0.6135158220372815,2,0.6666666666666666
100452,0.0,0.83,3.0,0.29205468340263796,1.0,0.36634013116780334,3,0.5
100453,1.5178137451606522,0.58,6.0,0.5159470897501659,2.0,0.2652065751286658,3,0.8333333333333334
100454,1.5401030645522666,0.5,0.0,0.6134003446269679,2.0,2.4134424747043024,1,0.5
100455,0.09266692348796461,0.96,5.0,0.5398738367263677,3.0,1.0902509839578625,2,2.0
100456,0.20178929867870846,0.35,5.0,0.2518498265698475,1.0,0.6427218882923849,2,1.1666666666666667
100457,0.7559366278604608,0.38,8.0,0.8101379618506198,0.0,0.918435811551236,3,1.3333333333333333
100458,0.4092168800521228,0.0,2.0,0.35041395130176284,6.0,0.42464810922580537,2,1.8333333333333333
100459,0.6119011236455437,0.8,4.0,0.6410492812187397,5.0,0.3497636841732394,2,1.1666666666666667
100460,0.12008037738687527,0.82,0.0,0.0,3.0,0.41044484236065504,1,2.0
100461,0.7258746469876953,0.18,0.0,1.1810470813761762,4.0,0.4651317139119208,2,0.3333333333333333
100462,0.0,0.52,2.0,0.6510294143630893,0.0,1.7310265315147266,2,0.0
100463,0.678013397848116,0.36,5.0,0.7857071574509917,6.0,1.7683815393378544,3,0.16666666666666666
100464,0.7274876455721068,0.9,3.0,0.3546214734672154,0.0,0.23675981382995342,1,0.6666666666666666
100465,0.0,0.37,8.0,0.398581623444274,3.0,0.5322553659620842,2,1.5
100466,0.2880509018446425,0.47,0.0,0.0,0.0,0.43712586809529747,2,0.16666666666666666
100467,1.1209878962034134,0.16,3.0,0.6732725131344326,0.0,0.509011389913386,2,1.3333333333333333
100468,1.447122064432869,0.7,0.0,0.0,1.0,0.11945343670964745,0,2.0
100469,0.19114841812423392,0.31,7.0,0.574217926248865,6.0,0.0,2,0.16666666666666666
100470,0.44921922048093216,0.51,4.0,0.7381465450007417,3.0,0.24397874078307183,2,0.8333333333333334
100471,0.2722088389080696,0.64,1.0,0.2911476763440825,3.0,1.5447492467776542,0,0.0
100472,0.0,0.45,5.0,0.25569228029816254,2.0,0.09864090835347925,2,1.0
100473,0.0,0.52,6.0,0.8050778523461201,3.0,0.3465043144008429,1,1.0
100474,0.5923619982679509,0.68,0.0,0.0,1.0,0.20187282509104026,0,1.5
100475,0.7634602444910259,0.42,5.0,0.8240007142266507,2.0,0.4172575374138869,1,0.0
100476,0.0,0.95,0.0,0.0,2.0,0.29521993164459087,1,1.8333333333333333
100477,0.060044078855668474,0.55,5.0,0.3583120083942396,3.0,0.1212288853523385,1,0.5
100478,0.9879025420095614,0.68,0.0,0.0,1.0,0.2801405771807397,0,0.16666666666666666
100479,0.8667139960294349,0.4,7.0,0.47318826210078235,5.0,1.5616482598706336,1,2.0
100480,0.0,0.81,0.0,0.7361881212459058,4.0,0.7877281881178232,0,2.0
100481,0.18796219420362612,0.95,0.0,0.0,3.0,0.26979935833514335,0,1.5
100482,0.6083898414098535,0.49,9.0,0.33941954011742875,2.0,0.0,2,1.3333333333333333
100483,0.5204462038412744,0.15,0.0,1.1091217999770153,4.0,0.45638828575894225,1,1.5
100484,0.3503490225042656,0.66,3.0,0.23198450998564968,3.0,0.27407776563661246,1,1.8333333333333333
100485,0.30507005108861185,0.91,0.0,0.0,3.0,0.43864863399223286,1,1.5
100486,0.14480272627732738,0.02,2.0,0.05144795754406723,1.0,0.24966756328539225,2,0.5
100487,0.453048431854444,0.12,0.0,0.0,5.0,0.9579225390714197,1,1.6666666666666667
100488,1.6041661079511516,0.36,7.0,0.3266518450941147,1.0,0.375442596688531,2,1.5
100489,0.615164987373322,0.7,1.0,0.47936828740950344,2.0,0.5233629510036383,2,0.0
100490,0.2845240860363556,0.9,0.0,0.14471724939416872,4.0,0.24194758722096954,1,0.0
100491,0.0,1.0,3.0,0.1407632497939202,6.0,0.4927839443781048,2,1.1666666666666667
100492,0.936680446592757,0.47,7.0,0.7243461857294707,1.0,0.2126771808685503,3,1.1666666666666667
100493,1.2960701739535276,0.5,4.0,0.6243402504130302,2.0,0.6119113149494522,3,0.8333333333333334
100494,0.0,0.46,0.0,0.0,3.0,0.2355566768855867,1,1.6666666666666667
100495,1.0981825358042325,0.42,5.0,0.620321850917259,3.0,0.8724303652218799,2,0.16666666666666666
100496,0.0,0.3,0.0,0.45607325966315904,4.0,0.590438362345519,1,0.8333333333333334
100497,0.0536972785687892,0.49,0.0,0.7997552916722792,6.0,0.0,0,1.0
100498,0.0,0.59,1.0,0.5004109860389789,5.0,0.2793027835906229,2,2.0
100499,1.5856189745908784,0.09,4.0,0.6097973056292374,2.0,2.4920962784991314,1,1.3333333333333333
