customer_id,age,gender,income,employment_type,loan_amount,tenure_months,existing_loans,dependents,default
100000,59,M,336994,salaried,419792,24,2,3,1
100001,49,F,460375,self_employed,131494,18,0,0,1
100002,35,M,179301,salaried,794265,36,1,4,1
100003,28,F,1194327,salaried,651513,18,2,1,1
100004,41,M,343783,salaried,132867,18,0,4,0
100005,59,F,168752,salaried,218600,48,1,3,1
100006,39,F,1165416,salaried,508818,60,2,4,1
100007,43,M,887565,salaried,665036,12,2,0,1
100008,31,F,818755,self_employed,304265,6,2,0,1
100009,31,F,367029,salaried,569493,18,3,2,1
100010,44,M,1057669,salaried,214404,24,4,1,0
100011,56,F,527844,salaried,703817,6,0,3,1
100012,44,F,160699,salaried,534353,24,4,1,1
100013,23,M,684003,salaried,314395,24,4,4,1
100014,42,M,668652,self_employed,732387,6,4,3,1
100015,22,M,268413,salaried,147382,6,2,3,1
100016,44,M,365400,salaried,529767,60,4,0,1
100017,50,F,1182532,salaried,59583,24,3,4,1
100018,58,M,709873,salaried,624675,12,1,0,1
100019,22,F,542136,salaried,335248,60,2,0,1
100020,41,M,539954,self_employed,586512,36,0,2,1
100021,53,M,188067,salaried,499274,48,1,0,1
100022,32,F,168073,self_employed,277444,36,1,1,1
100023,42,M,186035,salaried,390716,12,1,3,1
100024,45,M,383782,self_employed,516690,60,4,0,1
100025,47,M,764661,salaried,316285,48,4,1,1
100026,48,M,764805,self_employed,728710,60,2,4,1
100027,36,M,876331,salaried,518298,6,4,3,1
100028,35,F,211929,self_employed,186149,48,4,4,1
100029,23,M,907771,salaried,620303,24,4,1,1
100030,57,F,1035296,salaried,221929,36,2,4,1
100031,27,F,817689,salaried,240912,48,2,4,0
100032,41,M,930965,self_employed,55577,24,3,4,0
100033,29,M,437313,salaried,100711,60,3,0,1
100034,59,F,237468,self_employed,613739,12,3,0,1
100035,38,F,341703,salaried,543027,48,3,0,1
100036,24,M,1140669,salaried,754463,24,1,3,0
100037,45,M,857650,salaried,471863,60,1,1,1
100038,34,M,443894,student,609119,60,3,0,1
100039,29,M,786308,self_employed,299402,60,3,4,1
100040,46,F,943153,self_employed,294942,12,0,4,1
100041,22,F,694897,salaried,145119,6,1,4,0
100042,40,M,254211,salaried,392776,12,0,4,0
100043,48,F,637689,self_employed,798224,12,0,2,1
100044,27,F,1073160,salaried,635842,36,4,3,1
100045,28,M,1010952,self_employed,100755,60,2,1,1
100046,55,M,1000741,self_employed,203412,24,1,1,1
100047,34,F,312624,self_employed,638172,48,3,0,1
100048,37,F,843045,self_employed,591770,36,3,2,1
100049,56,F,1141469,salaried,104225,60,2,1,1
100050,24,M,295788,salaried,239921,18,1,3,0
100051,22,M,788387,student,649142,12,3,4,1
100052,26,M,685426,salaried,615544,18,3,0,1
100053,24,F,840658,self_employed,290617,60,4,3,1
100054,49,F,1118616,self_employed,158721,36,0,1,0
100055,38,M,173429,salaried,655398,24,3,2,1
100056,46,F,922577,student,163606,36,1,0,1
100057,54,F,1037700,salaried,588938,24,2,1,1
100058,30,F,706110,salaried,227190,24,4,0,0
100059,56,F,1114163,salaried,78930,60,1,1,1
100060,34,M,1065387,salaried,791067,6,4,4,1
100061,51,F,157967,salaried,310102,60,0,2,1
100062,35,M,375371,salaried,412544,12,3,4,1
100063,28,M,702467,self_employed,323945,36,1,1,1
100064,34,F,401537,self_employed,625648,24,2,3,1
100065,43,F,991531,salaried,197631,60,0,4,1
100066,41,M,1014645,salaried,344478,60,0,3,1
100067,36,F,1085772,self_employed,286545,36,4,1,1
100068,38,F,621082,salaried,63288,36,0,2,1
100069,44,F,210545,salaried,727758,24,1,3,1
100070,46,M,373894,salaried,257302,48,4,1,1
100071,45,F,877506,salaried,330195,18,0,3,1
100072,49,M,1139470,salaried,111715,12,2,4,1
100073,35,M,400497,student,60737,12,1,1,0
100074,21,M,1123181,salaried,639428,48,2,4,0
100075,45,M,1169658,salaried,730611,6,2,0,1
100076,27,F,851692,salaried,232047,48,4,1,1
100077,29,M,1056295,salaried,317291,6,3,3,1
100078,44,F,843206,self_employed,624796,6,4,0,1
100079,21,M,835154,self_employed,364368,48,1,4,0
100080,28,F,375469,self_employed,331787,12,1,4,1
100081,44,F,287478,salaried,351111,18,4,3,1
100082,31,F,1059711,self_employed,153535,12,3,0,1
100083,37,F,771827,self_employed,346952,60,4,2,1
100084,28,F,643158,self_employed,562438,12,1,3,1
100085,55,F,173312,salaried,772648,12,3,4,1
100086,55,F,1110612,salaried,633247,48,1,1,0
100087,53,M,577387,salaried,445065,48,3,0,1
100088,25,F,584995,self_employed,380322,60,3,2,1
100089,59,M,948843,salaried,772496,60,4,1,1
100090,48,M,993441,salaried,241812,48,4,0,0
100091,27,F,585684,self_employed,162255,12,4,3,0
100092,29,M,207022,self_employed,660610,18,3,3,1
100093,28,F,483373,self_employed,558522,6,3,0,1
100094,32,M,1147858,salaried,51132,36,1,2,1
100095,54,M,508918,self_employed,743619,6,2,0,1
100096,53,M,639626,salaried,309427,60,4,1,0
100097,43,M,438859,salaried,481779,60,1,1,1
100098,44,F,964037,salaried,535443,6,1,3,1
100099,57,M,705462,salaried,683123,36,0,0,1
100100,55,M,1077460,salaried,192003,12,4,3,1
100101,42,M,343718,self_employed,647457,18,1,2,1
100102,47,M,744305,salaried,310529,18,0,1,1
100103,55,F,213037,self_employed,493855,6,4,4,1
100104,21,M,680836,salaried,303608,36,3,4,1
100105,55,F,791269,salaried,764261,60,0,0,1
100106,57,F,354366,salaried,674705,24,3,0,1
100107,34,F,652420,salaried,575332,12,2,4,1
100108,23,F,304249,salaried,227763,6,2,0,1
100109,21,M,1188199,salaried,281807,18,2,1,1
100110,25,M,810902,salaried,74363,60,2,2,0
100111,46,F,690340,salaried,358838,48,1,2,1
100112,34,F,852436,salaried,444798,48,2,3,1
100113,59,F,596636,self_employed,386473,36,1,1,1
100114,47,F,806031,salaried,51620,36,1,0,1
100115,29,M,412307,self_employed,374368,6,4,0,1
100116,35,M,1121248,self_employed,499871,24,1,3,1
100117,35,F,613547,self_employed,145419,18,1,3,0
100118,46,F,553850,self_employed,742894,6,2,0,1
100119,33,M,660259,salaried,546712,24,1,0,1
100120,52,F,778419,self_employed,776989,60,3,1,1
100121,59,M,375019,self_employed,230324,36,2,3,1
100122,52,M,747218,salaried,367953,48,0,1,1
100123,24,F,967052,salaried,596547,12,2,0,0
100124,50,F,869401,salaried,70655,60,1,4,0
100125,57,M,574127,self_employed,500400,48,3,4,1
100126,43,M,153191,self_employed,71602,18,2,0,1
100127,59,M,778864,salaried,716470,18,3,3,1
100128,35,F,592939,salaried,392962,48,0,4,1
100129,49,M,454224,salaried,575825,60,0,3,0
100130,56,F,370169,salaried,460354,48,4,4,1
100131,33,F,764641,student,751562,24,4,3,1
100132,52,F,702959,salaried,221236,6,2,4,1
100133,27,M,371972,salaried,139743,36,4,3,1
100134,42,F,898321,salaried,497875,24,3,1,1
100135,48,M,658679,self_employed,136155,12,4,3,0
100136,22,M,571818,salaried,139846,48,3,1,0
100137,26,M,854590,self_employed,342706,12,4,1,1
100138,48,M,1141120,salaried,766112,12,4,0,1
100139,48,F,730780,salaried,657337,24,4,1,1
100140,40,M,1115188,salaried,289647,36,1,2,1
100141,50,M,704399,salaried,380825,60,1,1,1
100142,31,F,213936,salaried,339962,18,4,3,1
100143,48,M,373332,self_employed,369849,6,3,1,1
100144,45,F,875836,self_employed,594392,18,2,3,1
100145,59,M,637510,student,436480,36,0,3,1
100146,53,M,213530,salaried,702192,18,1,2,1
100147,21,F,1024772,student,676787,48,4,1,1
100148,47,M,1112361,salaried,474632,48,0,1,0
100149,33,F,291214,salaried,223084,24,1,4,1
100150,23,M,789341,salaried,574156,12,2,4,1
100151,59,M,553082,salaried,511261,36,3,0,1
100152,26,M,351139,self_employed,726760,36,4,3,1
100153,28,M,1178494,salaried,360414,18,2,2,1
100154,47,M,1171318,salaried,253141,24,1,4,1
100155,29,F,799714,salaried,693703,18,4,1,1
100156,57,M,738315,salaried,493049,18,0,0,1
100157,53,M,242601,salaried,244716,36,3,2,1
100158,44,M,779085,salaried,654494,18,1,1,1
100159,35,F,1062735,self_employed,381612,12,3,1,1
100160,52,F,571486,self_employed,240545,18,4,3,1
100161,52,F,753103,salaried,481544,12,2,3,1
100162,44,F,189279,salaried,480000,36,3,4,1
100163,32,M,521931,salaried,73723,24,0,4,1
100164,59,M,298702,self_employed,771615,48,1,1,1
100165,22,F,923887,salaried,574362,12,0,1,1
100166,23,F,802184,salaried,338642,24,3,4,1
100167,57,M,595377,salaried,770882,24,2,4,1
100168,37,M,669089,salaried,671169,12,2,1,0
100169,22,F,896434,salaried,463757,36,0,2,1
100170,22,F,332051,self_employed,620217,6,4,1,1
100171,48,M,1093693,salaried,173199,24,4,2,0
100172,43,F,273257,salaried,281525,24,2,2,1
100173,57,M,1129062,self_employed,338172,36,0,1,0
100174,52,M,1125217,self_employed,79545,36,0,0,1
100175,53,M,1153171,salaried,653857,18,0,4,1
100176,21,M,1073482,salaried,81673,36,3,3,0
100177,39,M,953585,salaried,474190,24,4,1,1
100178,22,F,904444,self_employed,502115,12,4,2,1
100179,46,M,262990,salaried,466313,6,3,1,1
100180,52,F,1131883,self_employed,405288,60,1,4,1
100181,26,M,863226,self_employed,376968,18,3,2,1
100182,52,M,176806,salaried,73525,60,0,3,1
100183,24,F,565384,salaried,632092,12,3,3,1
100184,31,F,220119,salaried,196115,6,0,3,1
100185,37,F,779720,salaried,616134,6,2,0,1
100186,58,F,620641,salaried,127261,6,0,2,1
100187,44,M,1029381,self_employed,550827,48,4,2,1
100188,25,M,557507,student,234100,12,3,0,1
100189,54,F,1013403,salaried,57265,18,0,2,1
100190,26,F,1029903,self_employed,256724,18,1,0,0
100191,42,F,1035421,salaried,65733,6,2,1,1
100192,31,F,234080,salaried,665326,12,1,4,1
100193,36,F,1128836,salaried,349564,48,1,3,1
100194,53,M,442985,salaried,714607,6,1,0,1
100195,29,F,274447,self_employed,508365,36,2,0,1
100196,26,F,270029,self_employed,71058,60,2,0,1
100197,36,F,329830,salaried,296301,18,2,1,1
100198,49,M,711931,salaried,347073,60,2,0,1
100199,23,M,456094,salaried,212434,24,1,4,0
100200,40,M,833404,salaried,660777,6,4,4,1
100201,56,M,537732,self_employed,658952,36,4,3,1
100202,39,F,1016183,self_employed,752716,18,2,1,1
100203,46,M,772893,salaried,127597,60,3,4,1
100204,23,M,991965,salaried,128209,48,0,2,1
100205,39,M,494710,salaried,242941,12,3,2,1
100206,40,F,782543,salaried,726419,18,3,2,1
100207,52,M,934586,salaried,674152,60,3,0,0
100208,27,M,1161967,salaried,198620,12,4,0,1
100209,53,M,601157,self_employed,458294,60,0,2,1
100210,59,M,173387,self_employed,448635,12,3,3,1
100211,38,M,1030412,salaried,216562,48,2,3,0
100212,21,M,294129,salaried,257158,48,4,0,1
100213,31,F,1178308,salaried,689446,6,2,2,1
100214,48,M,467875,salaried,51468,6,2,3,0
100215,45,M,718926,self_employed,336453,18,3,0,1
100216,43,F,634814,salaried,122255,48,2,2,1
100217,51,M,572955,salaried,603006,36,0,1,1
100218,50,F,217260,salaried,275409,60,2,2,0
100219,55,M,406695,self_employed,289967,60,3,2,1
100220,27,F,682994,salaried,743201,60,2,4,1
100221,36,F,945326,salaried,788925,18,4,4,1
100222,46,F,496130,salaried,418697,60,4,1,1
100223,22,M,1018374,self_employed,425595,24,4,1,1
100224,21,M,179725,student,297113,12,1,2,1
100225,32,M,254555,salaried,447111,60,4,3,1
100226,25,F,411486,self_employed,632314,12,4,1,1
100227,57,F,945928,self_employed,617256,6,1,2,1
100228,52,M,1038036,self_employed,745457,60,4,0,1
100229,29,M,1024631,salaried,458548,36,3,4,1
100230,55,M,715609,salaried,195693,48,4,3,1
100231,39,M,383103,salaried,651158,48,4,2,1
100232,36,M,1132599,self_employed,592462,6,1,0,1
100233,23,M,565872,salaried,614790,24,3,4,1
100234,40,F,205147,self_employed,348818,18,2,0,1
100235,44,F,592882,salaried,611548,18,0,2,1
100236,53,F,625584,self_employed,772969,36,3,1,1
100237,44,M,450931,self_employed,754824,6,2,4,1
100238,31,F,394839,salaried,646093,6,3,0,1
100239,28,F,606162,self_employed,245991,24,2,1,1
100240,56,M,696015,salaried,235541,60,2,3,0
100241,58,F,839556,self_employed,67194,18,3,2,1
100242,40,M,842095,salaried,732171,60,1,2,1
100243,55,M,910109,salaried,705152,6,3,4,0
100244,45,M,1147082,self_employed,568953,60,3,0,1
100245,55,M,306570,salaried,618011,48,2,3,1
100246,45,F,581116,self_employed,281408,36,0,4,1
100247,49,M,671608,salaried,518451,18,2,4,1
100248,38,M,267235,salaried,292113,24,4,0,1
100249,38,M,1152403,salaried,126298,36,3,3,1
100250,22,F,666409,salaried,633526,12,3,0,1
100251,55,M,816165,salaried,309425,48,1,2,1
100252,36,F,841211,salaried,679721,24,2,1,1
100253,56,F,701120,salaried,560609,36,1,2,1
100254,53,M,295016,salaried,157092,6,3,2,0
100255,24,M,432017,student,314291,12,2,4,0
100256,53,F,820739,student,279991,24,2,2,1
100257,34,M,895182,salaried,350589,6,4,3,1
100258,41,M,597557,self_employed,759163,48,4,2,1
100259,40,F,948519,salaried,242180,12,0,3,1
100260,28,M,566978,self_employed,680458,18,4,0,1
100261,27,M,1183316,self_employed,397761,6,2,4,1
100262,23,M,1019049,self_employed,263482,36,4,3,1
100263,37,M,774771,salaried,691404,60,0,2,1
100264,53,F,673886,self_employed,714093,24,3,4,0
100265,32,F,692601,salaried,649649,12,4,4,1
100266,42,F,697993,student,726664,6,2,3,1
100267,42,F,253892,salaried,478910,18,3,3,1
100268,50,M,793942,salaried,174232,60,2,1,1
100269,58,M,254195,self_employed,131171,24,3,1,1
100270,58,M,866987,self_employed,426295,24,2,4,1
100271,28,M,1082883,salaried,136296,6,4,1,1
100272,47,F,1176630,self_employed,190562,18,4,2,1
100273,47,F,218099,salaried,202324,48,0,0,1
100274,54,M,1162237,salaried,548506,60,3,4,1
100275,41,M,723156,salaried,712222,48,0,0,0
100276,50,M,636275,salaried,291535,12,1,1,1
100277,53,M,448871,salaried,382103,6,4,3,1
100278,48,M,1002129,salaried,453666,60,3,4,1
100279,53,M,557442,salaried,368166,12,0,1,1
100280,25,F,1046816,salaried,221999,48,0,2,0
100281,39,F,467650,salaried,361997,60,1,4,1
100282,24,M,593031,self_employed,81826,24,0,4,1
100283,55,M,1133581,self_employed,762625,12,2,3,1
100284,37,M,302889,salaried,646649,18,4,4,1
100285,48,F,843221,salaried,290028,36,0,3,1
100286,50,F,325006,salaried,390134,48,0,1,1
100287,49,F,919727,salaried,401931,48,1,2,1
100288,26,M,440998,self_employed,267256,18,2,2,1
100289,55,F,811616,salaried,90736,60,0,4,1
100290,57,M,226256,salaried,336674,60,4,4,1
100291,44,F,1101441,salaried,259124,60,4,1,1
100292,49,M,331360,salaried,228130,12,0,3,1
100293,51,M,496874,self_employed,680368,6,2,2,1
100294,55,F,568267,student,517310,24,4,3,1
100295,53,M,1083688,salaried,386399,36,4,1,0
100296,41,M,183787,salaried,710246,6,2,2,1
100297,52,M,695909,self_employed,438742,6,2,2,1
100298,43,M,752272,self_employed,274793,18,0,0,1
100299,53,M,461955,salaried,692911,12,3,1,1
100300,23,M,180447,salaried,349531,48,1,1,1
100301,38,M,278046,salaried,726935,48,3,0,1
100302,45,M,889290,salaried,686548,18,3,3,1
100303,51,F,1167541,salaried,482859,12,4,0,1
100304,23,M,791147,salaried,503572,18,2,1,1
100305,44,M,338490,salaried,451072,48,4,3,1
100306,52,M,1182038,salaried,481385,6,1,2,1
100307,42,F,557688,self_employed,741150,24,0,0,1
100308,43,F,654409,salaried,343132,60,1,3,1
100309,22,M,666595,salaried,553195,12,4,3,1
100310,47,F,813689,salaried,388592,36,4,3,1
100311,22,F,315937,salaried,425574,36,4,0,1
100312,46,F,393306,student,793264,6,4,2,1
100313,37,F,811757,salaried,510522,18,3,3,1
100314,53,F,378981,salaried,715329,18,0,0,1
100315,29,F,672220,self_employed,324548,48,3,1,1
100316,59,F,203072,salaried,452205,6,4,0,1
100317,49,M,233369,self_employed,508521,48,2,0,1
100318,46,F,961554,salaried,479199,48,3,0,1
100319,55,F,887266,salaried,220534,36,4,3,1
100320,45,M,737100,salaried,331504,48,4,0,1
100321,44,F,434580,salaried,469503,60,0,1,1
100322,33,M,673156,self_employed,246544,48,1,3,1
100323,27,M,919097,self_employed,296512,36,3,1,1
100324,56,F,402164,salaried,84160,60,3,4,1
100325,40,M,919605,salaried,318933,18,3,0,1
100326,21,M,300787,self_employed,208253,12,4,3,1
100327,28,M,310381,self_employed,719745,24,0,3,1
100328,36,M,599830,salaried,115641,48,4,0,1
100329,34,M,1054098,salaried,660961,60,4,2,1
100330,32,M,218920,salaried,281322,12,2,2,1
100331,43,M,980051,self_employed,317688,36,0,1,1
100332,35,F,800024,salaried,456491,12,3,0,0
100333,48,F,1080997,salaried,637536,24,1,0,1
100334,54,M,691357,self_employed,346694,12,3,4,1
100335,22,F,157531,salaried,462857,60,4,2,1
100336,52,M,580267,salaried,252821,12,0,2,1
100337,43,M,1081479,salaried,327749,12,0,0,1
100338,42,M,457747,salaried,546389,12,0,1,1
100339,45,F,1090756,salaried,100713,6,2,0,0
100340,42,F,624013,salaried,463606,48,3,1,1
100341,42,M,282503,salaried,387547,36,2,2,1
100342,26,M,842841,salaried,578269,24,1,4,1
100343,35,M,814917,self_employed,431382,36,4,3,1
100344,57,M,1102246,self_employed,145335,6,2,2,1
100345,53,F,169675,salaried,157441,6,2,1,1
100346,28,M,223997,salaried,66984,60,4,0,1
100347,25,F,298087,salaried,699868,6,0,2,1
100348,59,M,1117561,salaried,465976,48,4,4,1
100349,24,F,636799,salaried,706884,6,3,1,1
100350,26,F,669349,self_employed,692742,12,4,0,1
100351,52,M,905678,salaried,99402,36,0,3,1
100352,50,F,290905,salaried,141656,18,4,1,1
100353,55,F,420040,salaried,115614,24,2,0,1
100354,36,M,461877,self_employed,216963,6,1,3,1
100355,33,M,716088,salaried,403153,36,2,0,1
100356,50,F,417491,salaried,483048,60,1,3,0
100357,39,M,639066,salaried,357980,6,4,3,1
100358,37,M,808003,self_employed,705337,48,3,3,1
100359,39,M,452929,self_employed,683669,6,4,0,1
100360,48,F,955113,salaried,536134,6,0,3,1
100361,46,F,516008,salaried,65791,6,4,1,0
100362,57,F,1083396,salaried,108047,60,1,4,0
100363,46,M,983731,salaried,544064,6,2,4,1
100364,43,M,903158,self_employed,284898,24,3,3,1
100365,29,F,265359,self_employed,511122,36,4,4,1
100366,32,F,1075431,self_employed,725025,48,4,4,0
100367,21,M,216707,self_employed,120246,6,2,3,1
100368,21,M,401351,salaried,246936,6,3,3,1
100369,54,M,620670,salaried,284955,6,4,1,1
100370,52,F,200601,self_employed,398292,6,4,2,1
100371,45,F,1144969,salaried,620178,12,1,0,1
100372,21,F,645479,self_employed,450010,12,1,3,1
100373,36,F,401924,salaried,607176,18,0,3,1
100374,59,M,933441,salaried,187821,6,2,4,1
100375,25,F,399430,student,620819,18,3,1,1
100376,42,F,430466,salaried,393130,24,4,4,1
100377,49,M,600930,student,396140,18,4,3,1
100378,23,F,703343,student,630305,36,0,3,1
100379,32,M,455035,self_employed,547163,12,4,4,1
100380,46,F,418448,self_employed,107676,12,2,3,1
100381,36,F,1091763,salaried,585848,6,0,2,1
100382,57,F,241006,self_employed,497617,6,2,0,1
100383,42,F,279350,salaried,100468,24,0,0,1
100384,49,M,838725,salaried,737823,48,4,0,1
100385,34,M,955878,salaried,501989,24,0,2,0
100386,48,M,938768,salaried,668634,36,1,3,1
100387,25,F,356487,salaried,715078,6,3,4,1
100388,50,F,247852,salaried,767997,6,4,1,1
100389,25,F,877067,salaried,97599,24,3,3,0
100390,32,M,828841,self_employed,198469,24,4,2,1
100391,36,F,430618,salaried,290270,24,3,2,1
100392,46,F,992150,self_employed,95406,12,1,0,1
100393,46,F,195232,self_employed,117560,18,3,3,0
100394,41,M,498688,self_employed,566394,18,0,0,1
100395,59,M,610385,salaried,678431,6,3,1,1
100396,56,M,933301,self_employed,570112,12,4,0,1
100397,53,F,462813,salaried,194575,24,2,1,0
100398,50,F,1176657,self_employed,104943,6,3,2,1
100399,57,F,688645,salaried,125839,12,3,0,1
100400,43,M,480817,self_employed,656962,36,3,0,1
100401,30,M,882303,student,599633,48,4,4,1
100402,25,F,770399,salaried,299495,12,3,2,1
100403,56,F,1014690,salaried,100390,60,4,4,1
100404,54,F,556140,self_employed,371701,6,4,1,1
100405,51,F,243269,salaried,51906,18,2,1,0
100406,30,M,408635,self_employed,582249,60,0,2,1
100407,39,F,663317,salaried,207212,24,4,1,1
100408,52,F,220202,salaried,239773,48,1,2,1
100409,21,M,298066,student,389711,36,3,1,1
100410,25,M,1003695,self_employed,392808,48,1,3,1
100411,24,M,340706,self_employed,131199,48,3,0,1
100412,36,M,774446,salaried,149764,12,2,3,1
100413,44,F,947232,self_employed,172357,6,4,2,1
100414,36,M,974255,salaried,392873,6,0,2,1
100415,22,M,430852,salaried,471777,48,4,3,1
100416,48,M,818179,self_employed,362712,24,3,0,1
100417,52,F,738158,salaried,669256,6,0,0,1
100418,47,M,683571,salaried,210576,48,4,4,1
100419,40,F,1015139,salaried,614585,6,0,1,1
100420,44,M,954565,self_employed,660682,24,3,4,1
100421,32,M,675069,salaried,511823,36,2,0,0
100422,55,M,264586,self_employed,66939,60,2,3,1
100423,53,M,439768,salaried,493931,48,4,1,0
100424,53,M,681111,salaried,356604,18,1,3,1
100425,57,M,692777,self_employed,249294,18,3,4,1
100426,32,F,1186059,salaried,112119,48,4,2,1
100427,23,F,321033,salaried,740681,12,4,3,1
100428,21,M,425709,salaried,194258,36,2,4,1
100429,53,M,324023,salaried,459675,12,0,4,1
100430,30,F,1027611,self_employed,268827,60,3,4,1
100431,49,F,697936,salaried,317201,18,0,2,1
100432,33,M,593945,self_employed,199805,24,3,2,1
100433,32,F,168658,salaried,200685,48,1,2,1
100434,51,F,171253,salaried,682900,60,2,1,1
100435,22,F,329635,self_employed,427224,6,1,2,1
100436,55,M,307462,salaried,529498,18,4,2,1
100437,43,M,360097,salaried,186260,36,2,2,1
100438,37,M,778138,salaried,288178,18,4,3,1
100439,46,F,1100162,salaried,309418,36,1,2,1
100440,28,F,812212,salaried,79680,36,3,1,1
100441,49,M,670498,salaried,284433,48,4,4,1
100442,46,F,807911,salaried,414446,36,0,3,1
100443,30,F,1008379,salaried,517616,12,3,0,1
100444,46,F,272775,salaried,498934,60,3,2,1
100445,54,F,1119211,salaried,610733,24,1,4,1
100446,27,F,827160,salaried,580084,18,1,4,0
100447,24,M,469972,self_employed,744491,24,2,3,1
100448,31,F,418854,student,451339,60,2,0,1
100449,49,F,564600,salaried,713582,6,0,1,1
100450,56,M,321918,self_employed,473041,60,3,4,1
100451,45,M,369055,salaried,642610,18,0,4,1
100452,41,F,884417,salaried,684388,24,0,4,1
100453,56,M,1180697,salaried,573321,24,1,4,1
100454,30,F,572355,salaried,469204,48,0,3,1
100455,57,M,1021877,salaried,149244,48,0,0,1
100456,29,M,230257,salaried,541860,60,4,4,1
100457,44,M,974143,salaried,437932,60,2,1,0
100458,55,M,1067786,self_employed,407395,6,2,1,1
100459,55,F,360545,salaried,180364,36,3,2,1
100460,56,F,678423,salaried,460259,18,2,4,1
100461,38,M,1074133,self_employed,518977,48,3,4,1
100462,59,M,521616,salaried,452968,18,4,4,1
100463,52,M,925158,salaried,250065,6,2,4,1
100464,44,M,763375,self_employed,747976,48,4,4,1
100465,43,F,1066383,self_employed,102127,48,2,1,1
100466,52,M,429215,self_employed,661650,36,2,0,1
100467,57,M,896084,self_employed,323120,18,4,0,1
100468,32,M,423349,self_employed,688464,18,0,2,1
100469,33,M,545807,self_employed,149122,18,0,1,1
100470,43,M,728688,salaried,382548,36,0,4,0
100471,45,M,181852,salaried,394076,48,0,0,1
100472,55,F,1110374,salaried,671458,6,2,3,1
100473,50,F,527501,salaried,389851,18,1,3,1
100474,37,F,183691,self_employed,532863,24,4,3,1
100475,40,M,544341,salaried,267912,36,1,4,1
100476,45,M,1196238,salaried,285851,12,1,4,1
100477,42,M,682726,salaried,405933,6,3,2,1
100478,33,F,946184,self_employed,670804,24,0,2,1
100479,39,F,389968,salaried,582245,18,2,2,1
100480,56,M,438963,self_employed,557750,12,0,3,1
100481,32,M,645384,salaried,157724,6,0,4,1
100482,39,F,1028483,salaried,448008,36,1,3,0
100483,32,F,671121,salaried,325381,12,3,2,1
100484,29,F,669165,salaried,453923,48,0,4,1
100485,27,F,369780,self_employed,739566,60,4,1,1
100486,48,F,592632,self_employed,577831,12,4,0,0
100487,34,M,1077091,salaried,749495,60,0,0,1
100488,51,F,1177557,salaried,297541,24,1,2,1
100489,39,F,562104,salaried,678935,6,1,3,1
100490,36,F,458449,self_employed,609319,24,2,1,1
100491,25,M,683634,self_employed,224001,24,3,4,1
100492,55,M,340237,salaried,377891,18,1,3,1
100493,32,M,1006047,salaried,501067,36,2,2,1
100494,45,M,579332,self_employed,367455,12,4,3,1
100495,41,F,795275,salaried,555329,6,4,2,1
100496,56,M,371373,salaried,115867,48,4,0,0
100497,43,M,699844,salaried,138780,36,0,0,1
100498,36,F,995474,salaried,107196,36,3,3,0
100499,59,M,521233,self_employed,647993,6,2,1,1
100500,59,M,818590,student,550653,36,3,4,0
100501,34,M,183866,salaried,326735,18,0,2,1
100502,51,F,585071,salaried,671535,36,2,4,0
100503,25,M,746804,salaried,754253,18,2,0,1
100504,55,F,336987,salaried,50727,12,1,1,0
100505,43,M,561274,salaried,93822,12,3,1,1
100506,49,F,583934,salaried,415543,24,3,4,1
100507,31,M,444746,salaried,162113,18,1,0,1
100508,38,M,308588,salaried,269606,48,4,4,1
100509,32,M,273950,salaried,442575,12,0,3,1
100510,29,M,479638,salaried,440732,36,3,1,1
100511,30,M,750517,salaried,634379,6,1,1,1
100512,37,M,188547,salaried,523594,6,2,3,1
100513,58,M,703083,student,204591,60,1,0,1
100514,27,F,336368,salaried,460609,18,4,1,1
100515,33,M,695735,salaried,255603,48,0,2,1
100516,29,M,356402,self_employed,229006,24,4,2,0
100517,47,F,904105,student,422949,36,2,0,1
100518,22,F,999710,salaried,209912,18,2,3,1
100519,25,M,729365,self_employed,663655,60,2,4,1
100520,49,M,262782,salaried,63265,6,2,0,1
100521,57,F,1189550,salaried,448640,18,1,4,1
100522,58,M,777220,salaried,463841,36,2,0,1
100523,39,F,1161316,self_employed,653910,48,2,2,0
100524,28,M,593316,self_employed,734547,48,1,3,1
100525,21,F,625595,salaried,348073,12,2,2,1
100526,42,M,200939,salaried,374036,36,4,3,1
100527,37,F,291521,salaried,725899,60,4,4,1
100528,27,M,1023093,salaried,368774,12,3,0,1
100529,45,F,959178,salaried,271711,12,4,1,1
100530,24,M,733098,self_employed,536626,12,0,1,1
100531,56,M,792650,self_employed,220457,18,0,3,1
100532,26,F,626513,self_employed,705313,60,0,3,1
100533,51,M,615453,self_employed,661868,6,1,2,1
100534,39,F,871037,salaried,389606,48,4,1,1
100535,59,M,276498,self_employed,687684,18,0,2,1
100536,47,F,852098,salaried,409181,6,3,4,1
100537,30,M,1171469,salaried,145310,48,1,1,1
100538,46,F,614894,salaried,206080,60,3,4,1
100539,39,F,434154,salaried,361072,60,4,0,1
100540,59,M,945219,salaried,788456,36,2,2,1
100541,23,F,289544,salaried,139876,48,3,3,1
100542,33,F,396183,self_employed,599264,48,2,1,1
100543,48,M,828743,salaried,437128,60,1,2,1
100544,40,F,613001,salaried,732986,48,3,3,1
100545,48,M,203909,student,410400,24,3,0,1
100546,28,F,874984,salaried,412681,36,1,1,1
100547,59,M,1120834,salaried,240861,18,1,4,1
100548,21,M,665693,salaried,683619,18,0,0,1
100549,23,M,689570,salaried,769005,6,4,3,1
100550,33,F,389017,salaried,301666,18,3,1,1
100551,48,F,564994,salaried,319670,12,3,1,1
100552,45,F,1091768,salaried,678151,48,1,0,0
100553,53,M,602891,salaried,249121,18,1,1,1
100554,58,M,615982,salaried,385510,6,4,3,0
100555,26,F,591416,salaried,502333,6,1,0,1
100556,52,F,423146,salaried,106096,12,2,4,1
100557,41,M,988574,self_employed,713270,6,2,0,1
100558,36,M,730595,salaried,100248,60,2,0,1
100559,41,M,929383,salaried,255728,24,2,4,0
100560,31,M,462229,self_employed,129888,60,4,3,0
100561,57,F,708516,salaried,256354,48,3,2,1
100562,56,M,885036,salaried,290346,48,2,2,1
100563,55,F,717760,salaried,668821,48,1,4,0
100564,39,M,985869,self_employed,91954,36,2,3,1
100565,40,M,1116920,self_employed,401863,18,4,1,1
100566,38,F,996143,salaried,714164,24,1,4,1
100567,34,F,227175,self_employed,798065,18,2,2,1
100568,35,M,738595,salaried,312739,24,3,3,1
100569,51,F,1064634,salaried,341736,18,1,0,1
100570,21,M,245028,salaried,614931,12,1,3,1
100571,23,F,641450,salaried,304793,60,3,3,0
100572,36,M,275149,self_employed,374809,6,1,2,1
100573,43,F,903704,salaried,318116,6,2,2,0
100574,31,M,313834,salaried,328026,60,1,1,0
100575,32,M,420403,self_employed,771754,12,2,1,1
100576,30,F,1065207,salaried,514271,24,3,4,1
100577,52,F,467013,salaried,729129,60,0,0,0
100578,36,M,1063320,salaried,599308,36,3,1,1
100579,28,M,1007342,self_employed,414765,24,2,2,0
100580,58,M,435711,self_employed,94912,6,4,3,0
100581,32,F,771424,salaried,62879,36,3,4,1
100582,44,F,725919,self_employed,608086,18,4,1,1
100583,48,F,159885,salaried,682079,36,4,3,1
100584,28,M,1002746,self_employed,533042,24,2,3,1
100585,48,F,572381,salaried,751433,12,2,1,0
100586,56,M,1126433,salaried,387935,18,0,0,1
100587,46,M,610244,self_employed,537947,24,1,0,1
100588,28,F,724100,salaried,708210,18,3,4,1
100589,48,F,855860,salaried,209472,36,2,0,1
100590,48,F,194900,salaried,680698,6,3,4,1
100591,57,F,551067,student,699443,24,4,2,1
100592,56,F,952720,salaried,204607,12,1,1,1
100593,47,F,610796,salaried,780896,60,0,3,1
100594,37,M,945600,salaried,518255,36,3,4,1
100595,29,M,1154001,salaried,302712,24,1,0,1
100596,53,F,462023,salaried,54055,12,0,4,0
100597,40,F,1179127,self_employed,350314,24,3,4,1
100598,33,M,641862,student,279016,36,1,0,0
100599,48,M,905111,salaried,340395,24,2,0,1
100600,49,M,373563,salaried,710284,18,3,1,1
100601,33,M,287653,salaried,98037,36,1,3,0
100602,55,F,260155,salaried,142115,24,0,1,1
100603,26,M,483997,self_employed,522032,60,1,1,1
100604,38,F,238668,salaried,532870,6,2,0,1
100605,25,M,887685,salaried,120400,24,3,0,0
100606,45,M,819927,self_employed,673813,18,3,3,1
100607,22,M,1129448,salaried,413308,12,3,4,1
100608,30,F,703091,salaried,273457,60,2,1,1
100609,50,F,823590,salaried,798462,12,0,3,0
100610,25,F,823222,self_employed,191774,60,3,1,1
100611,53,M,1098763,self_employed,65385,12,0,4,1
100612,21,M,1154949,salaried,610309,6,1,1,1
100613,38,M,705083,student,558670,18,0,2,1
100614,52,M,420914,salaried,167369,36,0,3,1
100615,31,F,512455,salaried,794990,12,3,0,1
100616,41,F,429713,salaried,623399,60,4,1,1
100617,46,F,1184586,salaried,139402,18,4,3,1
100618,45,M,1153429,salaried,694062,24,2,3,1
100619,42,M,714485,salaried,303724,6,2,1,1
100620,47,M,307584,salaried,789945,18,4,0,1
100621,33,M,1074220,salaried,277600,18,1,0,0
100622,53,F,441077,salaried,754397,36,3,1,1
100623,54,F,1174729,self_employed,523319,18,3,3,1
100624,55,M,809738,salaried,699983,36,1,0,1
100625,21,M,524226,salaried,184585,6,1,1,1
100626,41,F,611552,salaried,718695,6,4,1,1
100627,26,F,223869,salaried,749500,24,2,1,1
100628,48,F,1019807,self_employed,154126,36,1,3,1
100629,37,M,868675,salaried,785733,36,2,0,0
100630,25,M,352416,salaried,651946,12,0,3,1
100631,51,F,728533,self_employed,215912,12,3,2,0
100632,25,F,717344,salaried,681121,24,4,0,1
100633,58,M,925024,salaried,168637,6,3,3,1
100634,23,F,580634,salaried,667508,48,4,0,1
100635,43,F,899971,self_employed,76393,12,0,2,0
100636,57,M,646507,salaried,631768,18,3,4,1
100637,57,M,1181008,salaried,529551,6,0,1,0
100638,30,M,415972,salaried,714467,48,4,3,1
100639,30,M,286554,salaried,571397,18,1,2,1
100640,39,F,635757,salaried,143650,60,3,2,1
100641,37,M,332024,salaried,568196,36,0,0,1
100642,41,F,917524,salaried,102066,6,3,0,1
100643,34,F,445767,self_employed,423994,60,3,1,1
100644,29,M,185634,self_employed,66138,24,3,0,1
100645,21,M,526742,salaried,168558,36,2,3,1
100646,33,F,461478,self_employed,308480,36,0,3,0
100647,24,F,1005080,salaried,487743,18,0,3,1
100648,21,F,696495,salaried,321334,60,3,4,1
100649,52,M,623866,salaried,128422,36,1,3,1
100650,54,M,755842,self_employed,761058,12,3,0,1
100651,48,F,757564,self_employed,656603,6,2,0,1
100652,51,F,1127022,salaried,79086,12,4,3,1
100653,28,M,858140,self_employed,175604,18,2,2,1
100654,59,F,342512,salaried,169324,48,1,2,1
100655,46,M,1111703,self_employed,526785,18,3,2,1
100656,54,F,341420,student,790970,6,0,1,1
100657,23,F,860644,salaried,441065,36,3,4,1
100658,32,M,407324,self_employed,53435,60,1,3,1
100659,21,F,869449,salaried,210014,60,0,1,1
100660,25,M,1017780,salaried,764995,24,2,2,1
100661,50,M,580599,salaried,472275,18,4,3,1
100662,50,M,525960,salaried,762917,6,4,1,1
100663,37,M,884042,self_employed,425601,24,3,0,1
100664,43,M,797341,self_employed,476042,36,2,2,1
100665,35,F,284832,salaried,342441,48,1,1,1
100666,57,F,217411,self_employed,618178,18,4,0,1
100667,41,M,435521,student,333466,48,2,2,1
100668,34,F,1137073,salaried,610027,6,3,4,1
100669,22,F,363981,student,452935,48,0,2,1
100670,31,F,415888,salaried,653841,48,3,4,0
100671,59,F,930926,self_employed,58314,6,3,4,0
100672,58,M,437139,salaried,668119,6,2,4,1
100673,54,M,708830,salaried,419802,18,4,3,0
100674,58,F,160651,salaried,691462,48,2,3,1
100675,54,M,1015363,salaried,196429,24,0,4,1
100676,38,M,1038544,salaried,279937,6,2,0,0
100677,50,M,587625,salaried,594653,36,1,4,1
100678,35,M,483569,salaried,351173,48,3,1,1
100679,47,M,646574,self_employed,313881,6,4,4,1
100680,54,M,579852,salaried,443186,24,0,3,1
100681,58,M,594865,salaried,779992,60,3,3,0
100682,53,F,405948,salaried,659762,18,2,1,1
100683,44,F,1011069,salaried,390362,48,1,1,1
100684,35,M,1006626,self_employed,208571,60,2,2,0
100685,50,M,1013349,self_employed,291474,6,3,0,1
100686,37,M,214200,salaried,178692,6,0,0,0
100687,25,M,256022,salaried,751517,36,4,0,1
100688,49,M,851979,self_employed,440555,36,3,3,0
100689,24,M,930741,salaried,222106,48,0,0,1
100690,30,F,620529,self_employed,50294,60,3,2,1
100691,37,M,1036364,salaried,148185,60,1,2,1
100692,30,M,311445,self_employed,108382,6,2,0,0
100693,37,M,374605,salaried,350242,48,4,1,0
100694,40,F,353047,salaried,578943,6,0,2,1
100695,44,F,959217,student,657317,36,4,1,0
100696,25,F,399768,salaried,358372,24,4,3,1
100697,54,F,834029,salaried,53771,12,4,2,1
100698,26,M,660370,salaried,386243,12,0,1,1
100699,22,M,676570,salaried,695099,6,0,0,1
100700,33,F,839984,salaried,370580,60,4,3,1
100701,31,M,370972,salaried,157779,36,2,4,1
100702,43,F,358944,salaried,699179,18,3,4,1
100703,36,F,1142382,salaried,535319,18,4,0,1
100704,51,F,878342,self_employed,606664,12,1,3,1
100705,31,M,157461,salaried,530674,24,4,3,1
100706,36,F,946948,salaried,127924,12,0,3,0
100707,28,M,622501,self_employed,603620,6,3,3,1
100708,24,M,1196161,salaried,443145,24,1,4,0
100709,24,M,533395,salaried,621025,18,3,1,1
100710,45,F,644178,salaried,443056,60,3,3,1
100711,23,M,381496,salaried,139031,36,1,1,1
100712,52,M,842148,salaried,517186,36,4,3,1
100713,23,M,710315,salaried,233024,6,4,2,1
100714,47,F,1029979,salaried,333135,12,4,2,1
100715,49,F,323921,salaried,77472,6,2,2,1
100716,52,F,823218,salaried,109946,36,4,3,1
100717,39,M,753291,salaried,548782,18,1,1,1
100718,41,M,857755,salaried,313685,36,2,4,1
100719,25,F,714046,self_employed,703525,24,4,0,1
100720,38,M,466456,salaried,52765,60,2,4,0
100721,48,F,1184262,salaried,355218,60,1,3,0
100722,42,F,232279,salaried,414939,48,4,2,1
100723,41,M,165434,salaried,734643,36,0,2,1
100724,26,M,869407,salaried,675675,36,1,1,1
100725,21,F,590991,salaried,543377,60,3,3,0
100726,25,M,487913,self_employed,723166,48,3,4,1
100727,32,M,478821,salaried,723616,24,1,3,1
100728,46,F,233555,student,416047,12,3,3,1
100729,54,M,326806,salaried,568790,36,1,2,1
100730,34,F,583819,salaried,199725,60,0,4,1
100731,46,M,1149430,salaried,677867,6,1,0,1
100732,47,F,218803,salaried,529885,36,4,2,1
100733,29,M,957744,salaried,89339,6,4,4,1
100734,46,M,898736,salaried,468973,24,2,1,1
100735,42,F,849539,salaried,354543,36,3,2,0
100736,50,F,395404,self_employed,457922,60,3,1,1
100737,37,M,792249,self_employed,602197,24,1,2,1
100738,46,M,167297,salaried,568993,24,3,3,1
100739,56,F,938443,salaried,762932,12,4,4,1
100740,21,M,718302,salaried,529095,36,0,1,1
100741,28,F,1079242,salaried,207541,6,1,2,1
100742,55,F,933152,salaried,182385,6,3,1,1
100743,35,F,947552,salaried,451063,36,4,2,1
100744,42,M,661603,salaried,191002,48,2,2,1
100745,34,M,765863,salaried,53285,12,3,0,1
100746,46,F,1193659,student,435781,12,0,0,1
100747,48,M,657365,self_employed,610151,12,0,0,1
100748,43,M,1172788,self_employed,197776,6,3,1,1
100749,34,M,978791,salaried,705915,24,3,3,1
100750,44,M,510890,salaried,595611,60,4,2,1
100751,22,M,899122,salaried,383112,48,3,4,1
100752,46,M,795194,salaried,103915,12,2,0,1
100753,34,F,351260,salaried,421687,6,4,1,1
100754,27,M,927881,self_employed,715979,6,1,1,1
100755,23,M,983525,salaried,253462,24,2,1,1
100756,43,M,526794,salaried,557553,36,4,4,1
100757,38,F,1086197,salaried,516389,36,4,4,1
100758,58,M,533100,salaried,423410,60,0,0,1
100759,55,F,265598,salaried,490924,60,4,4,1
100760,35,F,400100,salaried,702329,12,2,0,1
100761,45,M,932877,salaried,103019,60,3,4,0
100762,57,M,858521,salaried,257226,12,2,4,0
100763,48,M,926676,student,283169,48,1,4,1
100764,30,F,283241,salaried,581661,60,4,0,1
100765,59,F,158036,self_employed,740641,24,4,2,1
100766,37,F,1095238,salaried,594475,12,4,0,1
100767,59,M,1133825,salaried,672215,24,4,2,1
100768,42,F,352747,salaried,396229,6,0,1,1
100769,46,M,693088,salaried,167996,12,0,1,1
100770,45,M,1000350,salaried,613508,6,3,0,1
100771,37,F,1082477,self_employed,442647,18,4,2,1
100772,33,F,905600,self_employed,565971,24,1,2,1
100773,40,M,317647,salaried,581930,18,3,2,1
100774,45,M,386527,salaried,129971,12,4,1,1
100775,24,M,585477,self_employed,629844,6,0,0,1
100776,30,M,702004,salaried,476976,12,1,3,1
100777,23,M,152352,salaried,567473,18,3,2,1
100778,38,F,283004,salaried,447597,12,1,2,1
100779,56,F,1012881,self_employed,462774,48,4,3,1
100780,42,F,936261,student,342926,36,2,0,1
100781,54,F,810858,salaried,316926,18,1,2,1
100782,28,M,881478,self_employed,796777,12,1,0,1
100783,39,F,200098,self_employed,235784,6,0,2,1
100784,57,F,1131890,salaried,286836,12,4,4,1
100785,26,M,524313,salaried,538161,6,1,2,1
100786,46,F,814929,salaried,200534,36,4,4,1
100787,54,M,397199,student,773879,12,0,0,1
100788,26,F,276060,salaried,236278,60,4,2,1
100789,57,F,280544,self_employed,147469,60,0,1,1
100790,53,M,674628,salaried,621238,36,0,1,1
100791,42,F,849309,self_employed,445739,18,3,3,1
100792,41,M,756590,salaried,504142,6,4,1,1
100793,26,F,1129947,salaried,190749,60,2,4,1
100794,26,M,897028,self_employed,781188,48,3,1,1
100795,24,M,617243,self_employed,196161,18,0,1,1
100796,50,M,674426,self_employed,447797,6,2,1,1
100797,31,F,543574,salaried,455123,36,1,2,1
100798,50,M,618466,self_employed,448825,60,1,3,1
100799,51,F,1021808,salaried,756513,24,3,0,1
100800,44,M,306951,salaried,487359,12,2,3,1
100801,29,F,1017964,salaried,72936,36,4,4,1
100802,23,F,992210,salaried,551477,6,2,2,1
100803,51,M,712060,salaried,280596,6,3,2,1
100804,57,M,701050,student,669330,6,4,1,0
100805,56,F,844780,salaried,227129,6,4,1,1
100806,44,F,992000,self_employed,717897,12,1,4,1
100807,51,F,1021522,salaried,596707,18,2,2,1
100808,26,M,993601,salaried,780351,48,4,0,1
100809,22,M,749253,salaried,695499,24,3,3,1
100810,40,F,327912,self_employed,434906,12,1,2,1
100811,48,M,325767,self_employed,255671,6,4,0,1
100812,31,M,386281,self_employed,575122,12,2,0,1
100813,24,M,234754,student,344358,36,1,3,1
100814,35,F,752276,salaried,798294,48,2,0,0
100815,26,F,657732,salaried,304870,6,2,4,1
100816,50,M,300023,self_employed,543244,24,2,0,1
100817,58,M,230388,salaried,576701,6,1,4,1
100818,22,M,389779,salaried,583793,48,4,0,1
100819,35,M,1028453,salaried,183177,24,0,1,1
100820,31,M,1054850,salaried,249176,48,4,0,1
100821,28,F,356846,salaried,440447,24,1,4,1
100822,46,M,844335,salaried,550850,18,0,0,1
100823,25,M,1185354,salaried,164897,60,0,0,1
100824,26,F,938140,salaried,108408,18,0,0,1
100825,46,M,176086,salaried,218751,12,3,4,1
100826,24,F,681972,salaried,166908,12,1,0,1
100827,39,M,544423,self_employed,295993,24,3,3,0
100828,40,M,740381,salaried,280168,6,0,3,1
100829,53,F,985083,salaried,654019,60,3,4,1
100830,40,F,1039497,self_employed,555421,36,3,1,1
100831,32,M,280351,salaried,167798,36,1,3,1
100832,21,F,188635,salaried,691142,6,2,2,1
100833,46,F,1123619,self_employed,287902,6,3,3,1
100834,34,M,1145909,salaried,370847,18,3,2,1
100835,58,M,1014950,self_employed,524650,36,0,4,1
100836,57,F,1040083,self_employed,113079,24,0,1,1
100837,31,M,747093,salaried,595865,48,0,2,1
100838,56,F,571280,salaried,360258,12,4,2,1
100839,33,F,1059245,salaried,532450,48,3,3,1
100840,23,F,491207,salaried,566379,18,0,2,1
100841,53,M,343226,salaried,738340,36,1,4,1
100842,26,M,742632,salaried,117194,60,4,4,1
100843,30,F,710881,salaried,521022,6,2,4,1
100844,25,M,710592,salaried,162333,60,3,3,0
100845,43,M,564299,salaried,612080,60,3,1,1
100846,30,M,434334,salaried,95807,36,1,3,1
100847,22,M,571614,salaried,567513,24,2,4,1
100848,33,F,275438,self_employed,437410,18,2,3,1
100849,22,M,1172892,salaried,710501,6,4,4,1
100850,40,F,944448,salaried,559698,48,3,0,1
100851,21,M,414528,self_employed,678580,24,0,0,1
100852,57,F,558288,salaried,697272,48,1,2,1
100853,29,M,252239,salaried,588065,12,1,1,1
100854,37,F,785719,salaried,88346,18,1,0,1
100855,29,F,854293,salaried,669265,24,1,4,1
100856,31,M,958258,salaried,359963,24,0,3,1
100857,35,F,480170,salaried,184917,48,0,3,1
100858,44,M,271668,salaried,597578,6,4,2,1
100859,58,F,916988,self_employed,424695,12,3,3,0
100860,55,F,698333,salaried,473915,48,0,0,1
100861,50,F,331948,salaried,225324,24,4,3,1
100862,51,F,635662,self_employed,708653,18,2,0,1
100863,25,M,764390,salaried,693784,24,3,0,1
100864,34,M,464063,self_employed,553150,36,0,1,1
100865,31,M,399877,salaried,555180,18,2,2,1
100866,29,M,1103692,self_employed,459824,18,4,4,1
100867,54,F,367770,salaried,440857,24,0,0,1
100868,32,M,792613,self_employed,247345,6,0,2,1
100869,55,F,827673,self_employed,652294,18,2,4,1
100870,55,M,1094447,salaried,268980,36,0,3,1
100871,21,M,490093,salaried,524869,48,1,2,1
100872,42,F,1172145,salaried,326923,6,0,2,0
100873,49,M,755730,salaried,494256,6,3,2,1
100874,28,F,468766,salaried,499541,6,2,3,1
100875,31,M,422647,salaried,559163,18,3,3,1
100876,57,F,234761,salaried,689724,6,4,2,1
100877,34,M,948022,salaried,717538,24,3,1,1
100878,50,M,816246,salaried,463151,6,1,0,1
100879,55,F,1080370,salaried,728387,36,1,3,0
100880,41,F,478768,salaried,501069,12,3,1,1
100881,57,M,838152,salaried,117359,36,4,3,1
100882,25,M,552980,salaried,253460,18,0,2,1
100883,39,M,1188336,salaried,327255,6,1,1,1
100884,34,M,931198,salaried,213384,6,3,4,0
100885,46,F,192727,salaried,336305,24,3,0,1
100886,24,F,490615,salaried,180466,48,3,0,1
100887,45,M,791211,self_employed,379457,6,0,3,1
100888,45,M,584376,salaried,231446,60,2,0,1
100889,38,F,161390,salaried,467230,36,4,4,1
100890,28,M,781040,self_employed,654596,18,2,1,1
100891,59,F,1087635,self_employed,461377,12,4,1,1
100892,34,M,1119831,self_employed,682088,6,4,2,1
100893,52,F,899078,salaried,450706,12,3,1,1
100894,58,M,171281,salaried,431691,6,1,3,1
100895,53,F,204189,self_employed,74502,18,3,4,0
100896,43,M,412093,salaried,85757,48,0,2,1
100897,35,M,512462,salaried,672561,36,4,3,1
100898,53,F,544597,self_employed,632933,18,1,3,1
100899,45,M,956242,self_employed,371199,12,4,3,1
100900,37,M,829682,self_employed,169815,6,4,0,0
100901,53,M,707243,student,734266,12,3,3,0
100902,22,M,160207,self_employed,413170,36,1,0,1
100903,34,F,368401,salaried,382336,60,1,1,1
100904,59,F,1135132,self_employed,231549,18,4,0,1
100905,26,M,309292,salaried,217973,12,1,3,1
100906,26,F,646762,salaried,796631,12,1,4,1
100907,23,M,613937,self_employed,102021,36,3,4,0
100908,27,F,1017239,salaried,79092,60,2,1,0
100909,28,M,745600,salaried,418987,6,0,3,1
100910,35,F,734054,salaried,707191,60,2,0,1
100911,49,M,501977,self_employed,362865,12,1,4,0
100912,53,M,337771,salaried,340655,36,4,2,1
100913,50,M,387199,self_employed,122782,6,0,3,1
100914,59,M,1148757,salaried,414206,60,0,3,1
100915,47,F,910129,self_employed,363651,60,4,2,1
100916,56,M,785329,self_employed,698565,60,0,4,1
100917,49,F,790473,salaried,704287,48,4,2,1
100918,58,M,327164,salaried,257580,6,0,1,1
100919,53,F,901518,salaried,674416,60,2,0,1
100920,57,F,663313,student,322827,48,0,0,1
100921,47,F,1192726,salaried,597952,18,3,4,1
100922,53,F,298694,self_employed,676652,36,4,2,1
100923,24,F,273853,salaried,214244,60,0,3,1
100924,42,M,385062,self_employed,526857,6,4,3,1
100925,22,F,383077,self_employed,114340,48,3,3,1
100926,30,M,1037516,self_employed,661524,48,0,1,1
100927,25,M,804224,student,61017,18,0,1,0
100928,30,M,303245,salaried,604636,24,3,3,1
100929,53,F,604418,salaried,459664,36,3,4,1
100930,58,M,428710,self_employed,321635,24,3,1,1
100931,33,M,812550,self_employed,259720,6,4,1,1
100932,51,M,1156111,salaried,171070,36,3,0,1
100933,56,F,712621,salaried,312512,18,4,0,1
100934,44,M,763859,salaried,85010,6,2,4,1
100935,35,M,150159,salaried,610139,36,0,1,1
100936,49,M,1148413,salaried,697049,36,0,1,1
100937,28,F,517003,salaried,736296,24,1,2,1
100938,25,F,795822,self_employed,653146,6,2,4,0
100939,49,F,486907,salaried,641293,18,3,4,1
100940,24,F,637030,salaried,87493,18,3,2,1
100941,32,M,555453,salaried,775155,6,2,2,1
100942,22,F,821009,salaried,741750,6,3,0,1
100943,47,M,318785,self_employed,584580,48,1,4,1
100944,51,M,354535,self_employed,733725,12,4,4,1
100945,56,M,850769,salaried,573238,24,0,2,1
100946,56,F,329838,self_employed,151735,6,2,3,1
100947,46,F,720442,self_employed,597200,6,0,3,1
100948,47,M,419160,self_employed,130771,12,4,0,1
100949,25,F,622779,salaried,761932,12,2,3,1
100950,40,M,591904,student,681581,36,4,3,1
100951,31,M,1026110,salaried,149083,60,3,3,1
100952,30,M,1048488,salaried,687943,18,3,1,1
100953,58,F,728526,salaried,671747,24,3,0,1
100954,26,F,470752,salaried,448750,36,4,2,1
100955,28,M,987393,salaried,797365,6,4,3,1
100956,43,F,1112261,salaried,282682,12,4,1,1
100957,46,M,1090240,salaried,478886,48,0,3,0
100958,32,F,964422,self_employed,279171,18,4,1,1
100959,46,F,884983,self_employed,423839,36,3,0,1
100960,33,M,316277,salaried,217558,48,1,3,1
100961,38,F,1188660,self_employed,346412,18,4,1,1
100962,45,F,230811,self_employed,157338,60,1,4,1
100963,53,M,929128,self_employed,524551,60,3,4,1
100964,32,F,991535,salaried,338480,48,4,1,1
100965,56,M,1109131,self_employed,137132,12,0,3,0
100966,24,M,384104,self_employed,345103,36,0,3,1
100967,25,M,352346,self_employed,194378,36,1,0,1
100968,57,M,334456,salaried,227254,60,0,0,1
100969,28,F,286643,salaried,648411,18,0,2,1
100970,48,F,634146,salaried,499542,48,0,0,1
100971,51,F,1110652,salaried,595786,12,3,3,1
100972,29,M,241218,salaried,644486,6,0,2,1
100973,49,M,1057211,salaried,550585,36,2,0,1
100974,34,M,182441,self_employed,77197,6,4,1,0
100975,42,M,844489,self_employed,726079,12,0,4,1
100976,31,F,905612,salaried,158775,60,0,0,1
100977,43,F,194760,student,735388,36,0,0,1
100978,21,M,1197159,salaried,161030,36,2,1,1
100979,57,F,435622,self_employed,366790,48,0,3,0
100980,41,F,817540,self_employed,451752,6,0,1,1
100981,46,M,248538,self_employed,691687,60,4,0,1
100982,56,F,966228,self_employed,106747,48,2,3,1
100983,43,M,1125776,salaried,95712,24,2,2,1
100984,21,M,661511,self_employed,449489,6,0,0,0
100985,35,M,1035258,salaried,383964,6,2,1,1
100986,41,M,532736,self_employed,175342,24,1,2,1
100987,29,M,728328,self_employed,665516,12,2,4,1
100988,29,M,1011789,self_employed,386497,12,2,2,1
100989,30,M,517570,salaried,537707,36,2,1,1
100990,46,F,417986,self_employed,142091,18,3,2,0
100991,55,F,606331,salaried,398058,48,3,1,1
100992,45,F,953940,salaried,231902,18,3,0,1
100993,46,M,303077,self_employed,460343,36,2,3,1
100994,31,M,568815,salaried,296222,18,1,4,1
100995,58,M,630808,self_employed,264560,6,2,3,1
100996,22,M,923422,salaried,585827,6,0,3,0
100997,27,F,741343,salaried,752121,24,1,3,1
100998,38,F,780527,self_employed,325478,24,3,1,0
100999,47,F,385469,salaried,471743,36,4,1,1
101000,54,F,941787,salaried,564906,36,1,4,0
101001,47,M,617835,self_employed,632296,60,3,1,1
101002,37,M,450486,salaried,526492,36,1,1,1
101003,44,F,152257,salaried,411462,6,1,1,1
101004,45,M,493567,salaried,469924,18,2,1,1
101005,27,M,441464,self_employed,716220,48,0,0,1
101006,26,M,695096,self_employed,117300,60,4,4,1
101007,44,M,726677,self_employed,441407,60,3,1,1
101008,53,M,638906,salaried,241285,60,1,4,1
101009,49,F,268581,self_employed,426460,36,4,2,1
101010,42,F,488540,self_employed,148971,36,1,0,1
101011,46,M,651590,self_employed,88744,6,0,1,1
101012,48,M,1022328,salaried,428226,48,4,0,1
101013,41,F,765175,self_employed,369586,6,3,0,1
101014,27,M,1163539,self_employed,660278,48,1,2,0
101015,37,M,998923,salaried,419061,6,0,4,1
101016,40,M,628356,salaried,284975,18,4,0,1
101017,40,M,429067,self_employed,577938,36,1,3,1
101018,42,F,466480,salaried,619405,12,1,2,1
101019,48,F,486227,student,98113,12,3,3,1
101020,27,M,314074,self_employed,189861,36,0,2,1
101021,21,M,623314,salaried,82125,60,2,3,1
101022,52,M,438816,salaried,279767,36,1,3,1
101023,33,M,940645,salaried,442144,36,4,0,1
101024,50,F,1167481,self_employed,740778,36,3,0,1
101025,43,F,212507,salaried,228157,60,3,2,1
101026,39,M,283172,self_employed,593056,48,1,4,1
101027,52,F,391225,salaried,755321,18,1,0,1
101028,50,F,343069,salaried,393243,12,1,0,1
101029,49,F,964604,salaried,303807,24,2,1,1
101030,49,M,956564,salaried,733245,12,1,0,0
101031,50,M,646013,student,661709,12,0,4,0
101032,36,F,444025,salaried,766442,60,4,1,1
101033,39,M,887954,salaried,231383,6,1,3,1
101034,38,F,960904,salaried,794854,36,2,3,1
101035,21,F,857173,salaried,248139,36,4,1,1
101036,34,F,905728,salaried,121017,36,3,1,1
101037,22,M,466275,self_employed,595648,6,1,1,1
101038,48,F,829447,salaried,552394,60,4,2,1
101039,50,M,1129114,salaried,664653,18,3,4,1
101040,58,F,1033096,salaried,659756,18,2,4,1
101041,24,M,666835,student,307137,60,0,3,1
101042,21,M,806761,salaried,351075,24,1,3,0
101043,28,F,951625,salaried,105823,18,0,3,1
101044,49,M,588080,self_employed,786786,60,2,0,1
101045,59,M,431755,salaried,68807,18,4,3,1
101046,23,F,849151,salaried,713431,36,4,1,1
101047,52,M,488384,salaried,627701,48,2,3,1
101048,30,F,882763,self_employed,731509,60,2,1,0
101049,30,M,991675,salaried,589828,12,1,2,1
101050,39,F,416010,self_employed,120248,18,3,0,0
101051,54,F,837605,salaried,302515,18,0,0,1
101052,53,M,1065113,salaried,797097,6,0,4,1
101053,43,M,745642,salaried,160494,24,4,2,1
101054,48,F,264397,salaried,659723,48,4,1,1
101055,52,M,398552,self_employed,594075,6,1,2,1
101056,27,M,536721,salaried,333126,36,2,0,1
101057,49,F,573332,salaried,300768,12,0,1,1
101058,28,M,442575,salaried,596894,24,1,2,1
101059,21,M,179336,student,283867,6,4,0,1
101060,23,F,977424,salaried,162223,60,4,1,0
101061,44,M,660470,self_employed,621224,18,0,1,1
101062,43,M,825453,salaried,667574,18,4,0,1
101063,28,M,1100991,salaried,611669,24,4,1,0
101064,57,F,331196,salaried,433609,18,3,0,0
101065,23,F,465014,salaried,463811,60,2,3,0
101066,53,F,826296,salaried,618482,6,4,3,1
101067,48,M,529039,salaried,754737,6,3,1,1
101068,28,M,678714,self_employed,338997,18,1,1,1
101069,54,M,894199,self_employed,385863,18,4,0,1
101070,55,M,964038,self_employed,201733,36,1,1,1
101071,52,F,591048,salaried,573512,12,4,4,1
101072,44,M,702439,salaried,755853,24,0,3,1
101073,34,M,423452,salaried,693012,6,3,1,1
101074,52,M,390853,self_employed,287777,24,3,1,1
101075,36,F,928883,self_employed,217567,36,0,2,1
101076,24,F,326743,salaried,63703,6,2,1,1
101077,57,F,899468,salaried,108453,36,3,4,1
101078,41,F,1043416,salaried,662766,36,1,3,1
101079,34,M,242769,salaried,551738,48,3,2,1
101080,51,M,967563,salaried,237063,18,2,0,1
101081,38,M,777835,salaried,426440,60,1,0,1
101082,27,F,910278,self_employed,288411,48,1,3,0
101083,30,F,1126089,salaried,452932,24,0,0,1
101084,27,M,912371,salaried,621386,60,4,4,0
101085,53,F,292980,student,420579,24,0,1,1
101086,43,F,652367,salaried,101990,18,4,3,0
101087,41,F,486851,salaried,381065,60,0,2,1
101088,39,F,359329,salaried,741898,48,4,1,1
101089,39,F,407354,salaried,674860,24,3,0,1
101090,56,M,461573,salaried,319357,48,1,0,1
101091,49,F,327241,self_employed,174693,18,4,2,0
101092,38,F,288731,salaried,225295,60,3,4,1
101093,22,M,603830,salaried,380515,60,2,2,1
101094,21,F,914265,self_employed,118274,6,0,3,1
101095,25,F,489384,salaried,316278,36,2,2,1
101096,40,M,263688,self_employed,613889,36,3,0,1
101097,31,F,458617,self_employed,327834,48,2,4,1
101098,22,M,1033194,salaried,314053,60,2,4,1
101099,23,F,894748,self_employed,403383,24,3,2,1
101100,43,F,1043388,salaried,392176,48,1,3,1
101101,32,M,530596,student,586350,48,4,0,1
101102,40,M,1062743,salaried,387530,12,0,1,1
101103,25,F,884275,student,798597,60,4,4,1
101104,57,M,1184186,self_employed,740091,36,0,2,1
101105,58,M,748506,salaried,186225,60,4,3,1
101106,50,M,706718,salaried,191553,18,2,3,0
101107,29,M,173091,student,149270,48,1,0,0
101108,54,M,1175592,self_employed,768960,12,2,4,1
101109,55,F,168990,salaried,659269,12,1,0,1
101110,42,F,502414,self_employed,678758,36,3,1,1
101111,44,F,1016792,salaried,733565,36,0,1,1
101112,37,F,400541,salaried,138887,36,0,1,1
101113,30,M,972513,salaried,393686,18,3,3,1
101114,50,M,816393,salaried,192012,12,4,4,0
101115,43,M,274932,self_employed,782154,24,3,0,1
101116,52,F,1189955,salaried,336629,18,3,0,1
101117,37,F,418083,self_employed,663587,6,1,1,1
101118,37,F,709351,salaried,567537,48,3,4,1
101119,34,F,643216,salaried,444283,36,0,4,1
101120,29,F,832405,salaried,290491,12,2,2,1
101121,22,M,983550,salaried,635885,48,1,4,1
101122,45,M,645164,salaried,307808,60,1,4,1
101123,59,M,439220,salaried,748412,18,4,0,1
101124,29,M,631725,salaried,200635,6,2,4,1
101125,42,F,975553,salaried,752682,60,1,4,1
101126,24,M,967865,salaried,766605,18,3,0,1
101127,46,F,717597,salaried,330752,18,1,4,1
101128,49,F,1003900,self_employed,762585,24,1,0,1
101129,54,M,587470,self_employed,517210,48,1,2,1
101130,43,M,1105357,salaried,302773,24,4,3,1
101131,57,M,974837,salaried,329365,18,1,0,1
101132,31,M,1134156,salaried,439821,6,1,0,0
101133,26,F,1013659,student,263678,12,4,4,1
101134,38,M,1067996,salaried,471153,12,2,0,1
101135,41,F,898778,salaried,505651,60,0,1,0
101136,56,F,289883,salaried,230580,48,4,1,1
101137,58,F,1161439,salaried,569911,36,4,2,1
101138,54,F,897852,salaried,222903,36,1,0,0
101139,37,M,913461,self_employed,486149,12,1,4,1
101140,57,M,178328,salaried,490523,18,0,4,1
101141,45,M,787199,salaried,753700,18,1,3,1
101142,58,M,962283,salaried,152951,24,3,2,0
101143,32,F,967711,salaried,355745,48,1,4,0
101144,43,F,951881,self_employed,781316,24,1,3,1
101145,42,M,488365,salaried,122178,36,3,4,1
101146,41,M,1025512,self_employed,266383,12,0,3,1
101147,47,M,535893,salaried,209826,60,3,1,0
101148,51,F,1098377,salaried,119893,18,4,1,1
101149,26,F,278389,student,398943,12,3,4,1
101150,47,F,863987,salaried,563223,6,2,2,1
101151,54,F,642402,self_employed,325345,12,4,0,1
101152,32,M,961804,salaried,325375,6,1,2,1
101153,27,M,940074,self_employed,306682,24,4,2,1
101154,30,M,410220,salaried,288886,24,0,0,0
101155,37,M,446208,salaried,485711,36,0,1,1
101156,46,F,900186,self_employed,464384,12,3,1,1
101157,41,F,950554,self_employed,475840,12,4,0,1
101158,48,F,1076215,self_employed,191707,6,1,3,0
101159,22,M,366204,self_employed,584252,24,0,2,1
101160,21,M,1086297,self_employed,471001,6,1,4,1
101161,56,M,750541,salaried,788157,24,2,1,1
101162,46,M,448335,salaried,790150,6,0,4,1
101163,49,F,606285,salaried,782288,24,3,0,1
101164,41,M,1124250,salaried,62336,6,2,4,0
101165,31,F,564758,salaried,470628,60,4,4,1
101166,31,F,574528,salaried,132212,24,1,2,1
101167,56,M,588458,salaried,95591,48,0,0,1
101168,59,F,1038403,self_employed,478670,6,2,4,0
101169,55,M,768071,salaried,672825,12,2,1,1
101170,54,F,762181,salaried,339372,36,0,0,1
101171,44,F,1122892,salaried,64429,48,4,1,1
101172,42,F,308763,self_employed,134294,48,4,3,1
101173,25,M,1185811,self_employed,427721,6,3,4,1
101174,53,M,561236,salaried,234087,36,4,0,1
101175,56,M,289227,salaried,381080,12,3,1,1
101176,40,M,1148555,salaried,261979,48,2,4,1
101177,39,F,842137,salaried,87310,12,0,2,0
101178,55,F,431854,salaried,676115,24,4,1,1
101179,37,M,520858,salaried,249899,60,3,1,1
101180,54,M,829892,salaried,478472,36,2,3,0
101181,29,M,810327,salaried,257500,60,4,2,0
101182,46,M,301094,student,149862,18,1,3,1
101183,22,M,880031,student,351033,24,2,2,1
101184,29,M,942154,salaried,363572,36,4,1,0
101185,29,F,1017482,salaried,422646,6,2,3,1
101186,37,M,629083,salaried,480423,60,0,4,1
101187,21,M,218323,salaried,624543,6,0,2,1
101188,45,F,568458,self_employed,417968,12,0,1,1
101189,45,M,540642,salaried,272603,48,1,0,1
101190,59,F,348784,self_employed,92438,60,0,2,1
101191,55,F,257096,salaried,291482,18,1,2,1
101192,23,F,596790,student,544476,6,0,4,1
101193,57,M,760032,salaried,762222,36,2,2,1
101194,50,M,964914,self_employed,531153,60,4,2,1
101195,58,F,518226,salaried,257374,60,4,4,1
101196,54,F,276310,salaried,731505,48,0,4,1
101197,32,M,825673,salaried,387766,48,4,3,1
101198,39,M,955581,salaried,551955,36,0,1,1
101199,57,M,256611,self_employed,600730,48,0,1,1
101200,37,M,548172,self_employed,131948,6,3,3,0
101201,30,F,618947,self_employed,304657,36,3,1,1
101202,32,M,625828,salaried,337740,36,3,2,1
101203,36,M,923210,self_employed,650079,12,1,3,1
101204,44,F,478785,salaried,616694,18,3,3,1
101205,39,M,595376,salaried,90524,60,0,1,1
101206,28,F,856673,salaried,204404,12,2,0,1
101207,51,F,951849,salaried,160160,18,3,1,1
101208,41,M,1185891,salaried,196836,36,3,0,1
101209,37,F,903494,salaried,732923,60,2,3,0
101210,43,F,573177,salaried,530891,48,0,0,1
101211,57,M,792762,self_employed,217442,18,1,2,1
101212,36,M,917876,salaried,618933,36,3,4,1
101213,26,M,1132293,salaried,434903,36,2,0,1
101214,28,F,455505,salaried,319388,12,0,4,1
101215,45,F,1130547,salaried,135501,12,4,2,1
101216,38,M,490676,salaried,167450,48,1,4,1
101217,45,F,539770,salaried,769831,24,2,2,1
101218,32,M,196002,salaried,329100,6,2,4,1
101219,35,F,565842,self_employed,542134,24,2,4,1
101220,46,F,865339,salaried,250658,24,3,1,0
101221,46,M,249003,self_employed,590997,60,4,0,1
101222,52,F,370462,salaried,786618,60,1,4,1
101223,30,F,869174,salaried,430572,48,0,3,1
101224,36,F,778889,self_employed,327354,60,0,1,1
101225,27,M,419956,salaried,219746,18,4,0,1
101226,37,F,211844,salaried,568467,48,2,1,1
101227,43,F,545395,self_employed,150025,48,2,0,0
101228,46,M,1075779,salaried,460949,36,2,2,1
101229,41,M,460001,self_employed,201152,36,2,4,1
101230,42,M,537699,salaried,545416,36,2,3,1
101231,27,F,582680,self_employed,234484,6,4,1,1
101232,34,F,243330,salaried,240043,18,3,1,1
101233,35,M,375391,salaried,115480,18,1,1,1
101234,27,F,363606,salaried,365104,36,2,1,1
101235,29,M,557085,salaried,284622,24,3,4,1
101236,28,F,341387,salaried,484368,6,0,0,0
101237,43,M,564170,salaried,470466,24,4,4,1
101238,49,M,836915,salaried,691553,12,3,2,1
101239,38,M,588242,salaried,787371,18,2,4,1
101240,51,M,512916,salaried,168922,18,2,4,1
101241,50,F,328048,self_employed,566576,24,2,2,1
101242,59,F,1148082,salaried,695568,6,3,4,1
101243,55,M,521994,salaried,489628,18,2,0,1
101244,38,M,836268,salaried,356020,24,3,3,0
101245,59,M,951955,salaried,779024,48,2,2,1
101246,37,F,694279,self_employed,737810,48,0,1,1
101247,34,F,422919,salaried,134433,60,0,0,1
101248,51,M,497139,student,123704,6,1,3,0
101249,44,F,1128754,salaried,581149,24,2,0,1
101250,55,M,297745,self_employed,288366,60,2,0,1
101251,54,F,287686,salaried,374058,48,3,1,1
101252,23,F,1105230,self_employed,113888,6,3,3,1
101253,57,F,199976,salaried,635581,60,2,0,1
101254,46,F,575468,salaried,263596,36,1,1,0
101255,43,F,415976,salaried,118515,6,2,2,0
101256,59,F,361509,salaried,466740,12,3,1,1
101257,35,F,369526,self_employed,319209,36,2,4,1
101258,24,M,1144620,salaried,743044,60,3,1,1
101259,49,M,188578,salaried,663008,24,2,1,1
101260,42,M,764741,self_employed,214437,36,4,1,1
101261,45,F,1012147,salaried,238929,36,3,0,1
101262,33,M,358859,student,186694,60,1,3,1
101263,38,M,261435,self_employed,291540,24,4,1,1
101264,53,M,890389,salaried,665429,24,2,1,1
101265,36,M,195475,self_employed,296476,48,3,4,1
101266,22,F,996574,salaried,414534,12,4,4,1
101267,55,F,994081,salaried,409000,24,1,2,0
101268,54,F,342029,salaried,475910,18,3,2,1
101269,50,F,578733,salaried,72995,18,4,4,1
101270,33,F,818516,self_employed,654429,12,4,3,1
101271,33,M,1090568,self_employed,713779,6,4,2,1
101272,38,M,367583,salaried,491168,60,0,3,1
101273,52,F,513898,salaried,739197,6,2,4,1
101274,52,M,288286,student,120799,18,3,2,1
101275,55,M,377189,salaried,754237,24,3,1,1
101276,59,F,703172,salaried,549471,12,3,4,1
101277,49,M,954807,salaried,87276,6,4,2,0
101278,49,M,422158,self_employed,608811,6,2,3,1
101279,36,M,852495,salaried,247127,60,1,3,1
101280,30,M,228077,self_employed,366759,36,3,2,1
101281,50,M,465018,self_employed,539858,18,2,3,1
101282,45,M,219087,salaried,553256,24,2,2,1
101283,59,F,963560,salaried,60514,12,0,2,1
101284,40,F,893859,self_employed,97456,6,3,3,1
101285,25,M,445064,salaried,57233,60,4,0,1
101286,21,F,401514,self_employed,313246,36,2,1,1
101287,50,M,1078660,self_employed,116133,18,2,4,0
101288,23,M,292180,salaried,528409,18,1,1,1
101289,34,M,934192,self_employed,678373,60,0,4,1
101290,50,F,585928,self_employed,683389,12,2,4,1
101291,24,M,1070114,self_employed,449472,6,2,1,1
101292,38,F,751891,salaried,158684,12,4,2,1
101293,57,F,507246,salaried,376944,60,4,3,1
101294,45,M,235774,salaried,572116,60,1,0,1
101295,21,F,538518,self_employed,669225,12,1,0,1
101296,35,F,562672,salaried,615836,48,1,0,1
101297,29,M,687977,self_employed,259272,36,4,1,1
101298,35,M,776256,salaried,485583,18,4,1,1
101299,44,F,563089,salaried,688103,48,0,2,1
101300,24,F,740504,salaried,270994,24,3,0,0
101301,32,M,496184,self_employed,177602,18,3,2,1
101302,57,M,695932,salaried,700558,18,0,0,1
101303,57,M,212021,salaried,473471,36,3,1,1
101304,26,M,842485,salaried,595470,24,4,3,0
101305,59,M,610115,self_employed,351517,6,3,3,1
101306,44,F,192291,salaried,355163,24,4,3,1
101307,31,F,578276,salaried,243691,6,0,3,0
101308,33,M,544754,student,328187,24,1,4,1
101309,54,F,1103680,self_employed,488748,12,0,0,1
101310,45,F,453664,student,282362,60,3,3,1
101311,27,M,175675,salaried,247008,24,4,4,1
101312,24,M,823647,salaried,331383,48,3,4,1
101313,28,M,412318,self_employed,191488,48,3,4,1
101314,40,F,858672,salaried,708772,36,1,2,1
101315,49,M,779698,self_employed,598694,60,3,2,0
101316,30,F,487369,salaried,314019,60,1,4,1
101317,54,M,462863,salaried,562447,6,4,3,1
101318,46,M,279887,salaried,545288,18,4,0,1
101319,23,M,446063,salaried,448968,36,1,1,1
101320,26,M,483713,salaried,529969,48,0,2,1
101321,25,F,708963,salaried,259097,48,4,3,1
101322,25,F,955351,student,444569,6,0,3,1
101323,43,M,940605,salaried,732346,48,4,1,1
101324,29,F,521513,self_employed,250919,48,4,1,0
101325,55,F,962832,self_employed,60794,6,2,3,1
101326,40,M,331517,salaried,249542,48,3,1,1
101327,55,F,220305,salaried,721766,18,3,3,1
101328,38,M,842924,self_employed,388074,12,0,1,1
101329,37,F,622963,salaried,91708,36,3,1,1
101330,44,M,628108,self_employed,224469,18,0,3,1
101331,23,F,1153346,self_employed,697601,18,4,4,1
101332,52,M,744821,student,405992,12,2,3,1
101333,55,F,337256,salaried,458654,60,2,0,1
101334,58,F,626128,salaried,592770,36,4,1,1
101335,33,M,1173920,salaried,213543,18,1,2,0
101336,45,M,1040023,salaried,421557,48,1,1,1
101337,29,M,1183668,self_employed,549964,12,3,0,1
101338,24,F,975626,salaried,104213,60,0,2,1
101339,34,M,392188,salaried,288697,36,2,2,0
101340,57,F,526047,self_employed,397328,24,3,3,1
101341,54,M,1003823,salaried,55435,6,4,4,1
101342,31,M,387501,salaried,189565,48,2,3,0
101343,23,M,447675,salaried,253299,12,0,2,0
101344,48,M,858175,self_employed,332533,6,0,2,1
101345,49,F,413625,salaried,81498,60,1,4,0
101346,29,F,992840,self_employed,610113,60,3,1,1
101347,23,M,350339,salaried,329078,24,4,4,1
101348,45,M,1084339,self_employed,579862,18,2,3,1
101349,54,M,275355,self_employed,704986,18,0,1,1
101350,32,F,177798,salaried,743539,36,2,3,1
101351,29,M,765937,salaried,92782,12,4,4,1
101352,35,F,169477,salaried,497628,12,2,1,1
101353,45,F,367400,self_employed,110561,60,3,4,1
101354,25,M,539959,salaried,520440,36,1,0,1
101355,31,F,1174374,salaried,514535,6,2,2,1
101356,54,M,555105,salaried,542232,18,1,1,1
101357,44,M,423586,salaried,601039,18,4,2,1
101358,35,M,973759,salaried,350318,60,1,0,1
101359,58,M,1083703,salaried,106572,12,2,1,1
101360,28,M,484971,salaried,455257,60,2,2,1
101361,25,M,281184,self_employed,466443,12,0,2,1
101362,46,M,300653,self_employed,86069,36,2,1,1
101363,38,M,395300,salaried,787550,24,1,2,1
101364,26,F,734010,student,755591,6,0,2,1
101365,57,F,242036,self_employed,437902,48,2,1,1
101366,33,M,297595,self_employed,653756,24,2,2,1
101367,48,M,1003392,salaried,734659,24,4,2,0
101368,25,M,431696,salaried,140715,12,0,3,0
101369,33,F,385419,salaried,120793,12,4,3,0
101370,37,F,1140029,self_employed,489717,12,4,0,1
101371,52,M,304692,salaried,762494,24,4,3,1
101372,49,M,413031,salaried,685960,60,3,3,1
101373,23,M,443946,salaried,452993,6,4,0,1
101374,54,M,638765,salaried,192321,60,1,2,1
101375,47,F,792927,salaried,695190,12,2,2,0
101376,33,F,551062,salaried,71390,18,3,3,1
101377,53,M,633779,salaried,70369,60,4,0,1
101378,26,M,647952,salaried,193953,6,2,2,1
101379,44,M,720508,student,321731,18,0,4,1
101380,39,M,982595,self_employed,274872,6,0,1,1
101381,36,F,546981,self_employed,517543,12,2,1,1
101382,48,M,529270,self_employed,531127,60,1,1,1
101383,53,M,1155782,salaried,531363,48,2,3,1
101384,33,M,633455,salaried,560790,36,2,1,1
101385,45,F,272332,self_employed,97013,12,3,1,1
101386,56,F,697219,salaried,691629,24,0,4,1
101387,47,M,239116,salaried,768980,48,0,2,1
101388,58,M,401671,salaried,196826,24,4,4,1
101389,27,M,924504,salaried,681872,6,2,3,1
101390,25,F,664265,salaried,128113,24,2,1,1
101391,51,M,778380,salaried,539847,48,1,2,1
101392,43,M,379577,salaried,85282,48,0,1,1
101393,30,M,860672,self_employed,217809,12,1,1,1
101394,52,F,553777,salaried,561188,18,3,3,0
101395,50,M,245556,salaried,540643,12,4,1,1
101396,59,M,545204,salaried,336268,6,1,0,1
101397,51,F,802755,self_employed,445412,24,0,2,1
101398,38,F,893088,salaried,442515,18,3,2,1
101399,56,F,800443,salaried,146651,60,2,0,1
101400,22,F,648682,salaried,296549,36,3,3,1
101401,34,M,209778,salaried,135395,48,1,1,1
101402,33,M,959057,self_employed,585633,18,0,1,1
101403,49,F,706376,self_employed,442573,60,1,2,1
101404,32,M,226361,salaried,771760,18,2,3,1
101405,59,F,672154,salaried,586343,12,2,3,1
101406,22,F,772006,self_employed,415837,60,0,3,1
101407,52,M,1161930,salaried,135283,36,4,1,1
101408,33,M,1134558,salaried,94484,48,3,3,1
101409,47,F,1004568,salaried,651802,6,3,0,1
101410,37,F,211842,self_employed,140135,6,2,4,1
101411,51,F,638019,salaried,347915,18,1,3,1
101412,54,M,439134,salaried,555694,60,1,4,1
101413,44,M,821553,self_employed,238726,18,4,1,0
101414,55,M,280356,salaried,489756,24,1,3,1
101415,26,M,918917,salaried,264223,36,3,2,0
101416,39,M,887090,student,167399,48,1,1,1
101417,50,F,1064565,salaried,565609,18,4,0,1
101418,27,F,937738,salaried,230645,24,3,0,1
101419,30,F,162360,salaried,748093,60,1,4,1
101420,52,M,523216,salaried,179344,36,3,4,1
101421,54,M,927567,salaried,192832,48,2,2,1
101422,48,F,769055,salaried,687514,6,2,2,1
101423,35,M,411445,salaried,673538,24,2,0,1
101424,50,M,580179,self_employed,337906,60,1,3,0
101425,57,M,204330,salaried,232058,36,4,0,1
101426,49,F,201707,salaried,739692,24,3,0,1
101427,42,F,430833,salaried,221172,18,0,2,1
101428,24,M,336633,self_employed,186016,12,2,4,0
101429,40,F,984874,salaried,98825,6,2,2,1
101430,52,M,1039493,salaried,63877,18,0,2,1
101431,56,M,546210,salaried,473206,18,0,2,1
101432,24,F,928799,salaried,179065,60,1,0,0
101433,47,F,938245,salaried,682731,60,3,3,1
101434,37,F,1029459,self_employed,411756,36,2,0,1
101435,32,F,234381,salaried,167674,60,4,1,1
101436,42,F,991708,salaried,165074,24,1,2,1
101437,37,F,343984,salaried,567257,6,1,2,1
101438,30,F,1146358,self_employed,446474,18,4,1,1
101439,21,F,888096,salaried,301881,36,4,2,0
101440,42,F,403091,salaried,81629,6,4,2,1
101441,46,F,1002050,salaried,204030,60,0,2,1
101442,38,M,414064,salaried,482681,60,2,1,1
101443,34,F,620435,salaried,519791,24,0,0,1
101444,49,M,751160,salaried,537849,60,2,2,0
101445,32,M,414237,salaried,739567,18,0,3,1
101446,56,F,425049,salaried,465769,48,3,1,1
101447,55,M,796047,salaried,312199,18,2,4,1
101448,32,M,567567,salaried,138697,18,1,1,0
101449,27,F,232289,salaried,738233,60,2,0,1
101450,49,M,790794,self_employed,151505,6,2,1,1
101451,31,M,409480,student,392864,60,2,4,0
101452,53,F,283498,student,771565,6,3,3,1
101453,26,M,873858,self_employed,206390,6,0,4,1
101454,35,M,573159,salaried,83734,6,1,1,1
101455,52,M,871755,self_employed,263299,36,0,4,1
101456,31,M,194816,salaried,723882,12,0,1,1
101457,43,F,154138,salaried,192728,60,4,3,1
101458,46,F,940449,salaried,721253,36,3,3,1
101459,54,M,946883,salaried,554609,18,4,0,1
101460,54,F,506007,self_employed,446848,36,3,3,1
101461,49,M,946710,salaried,670160,24,0,2,0
101462,24,M,371552,salaried,373923,48,0,4,1
101463,37,F,193764,self_employed,743812,6,3,4,1
101464,55,F,273030,salaried,718626,60,0,1,1
101465,33,F,1068638,salaried,433331,24,0,3,1
101466,59,M,466462,self_employed,166603,60,1,0,1
101467,35,M,1039855,salaried,591228,48,4,0,0
101468,49,M,210128,salaried,729363,24,4,0,1
101469,49,M,369128,salaried,702168,60,4,2,1
101470,31,F,958301,salaried,672696,18,2,3,1
101471,52,M,155039,self_employed,736229,6,1,0,1
101472,22,F,302353,salaried,99297,24,4,2,1
101473,34,M,262935,salaried,110107,18,4,4,1
101474,40,M,203053,salaried,394937,6,1,1,1
101475,42,M,236346,salaried,459898,12,0,3,1
101476,31,M,479231,student,593910,18,4,3,1
101477,47,F,555841,salaried,342552,36,0,4,1
101478,23,M,708685,salaried,714197,60,4,3,0
101479,37,M,266214,salaried,196479,6,3,3,1
101480,48,F,635001,self_employed,210381,24,2,3,1
101481,49,F,1003329,self_employed,143190,48,4,3,1
101482,41,M,1137410,salaried,462111,24,3,2,1
101483,36,M,550826,salaried,267984,36,1,2,1
101484,57,F,586542,salaried,574658,60,3,1,1
101485,40,F,787431,self_employed,426356,36,1,3,1
101486,26,F,522397,salaried,600901,24,4,4,1
101487,39,M,512441,self_employed,53196,60,1,0,0
101488,25,F,1033520,salaried,551072,48,3,1,1
101489,23,M,684391,self_employed,562191,6,2,0,1
101490,21,M,576674,salaried,276009,60,0,0,1
101491,58,F,1158109,salaried,485132,18,0,3,1
101492,35,M,232409,salaried,582860,60,2,4,1
101493,54,M,848876,salaried,556528,36,0,0,1
101494,55,M,625430,self_employed,471441,36,4,0,1
101495,45,M,1086800,self_employed,620141,36,4,1,1
101496,44,F,1197380,self_employed,737635,48,3,4,1
101497,32,F,1037553,salaried,166074,60,3,4,1
101498,38,M,956457,salaried,503112,60,1,0,1
101499,35,M,781525,self_employed,617497,12,3,4,1
101500,36,F,848787,salaried,540391,48,4,1,1
101501,47,F,328267,salaried,461267,6,3,1,1
101502,28,M,305489,salaried,668532,6,0,1,1
101503,45,F,494126,salaried,303516,6,1,3,0
101504,37,F,458362,salaried,782760,6,1,0,1
101505,49,M,1063081,salaried,674588,6,4,4,1
101506,28,M,965359,salaried,772321,24,3,1,1
101507,35,M,251948,student,503372,36,0,0,1
101508,47,F,443851,salaried,426826,48,3,0,1
101509,27,M,447986,salaried,107175,24,2,3,1
101510,23,M,163261,salaried,151551,48,3,4,1
101511,49,M,518760,self_employed,442761,12,4,4,1
101512,44,F,1003605,salaried,560491,60,3,1,0
101513,23,M,425796,salaried,631154,18,1,1,1
101514,40,F,920692,salaried,167752,36,0,0,0
101515,35,F,578745,salaried,303564,12,4,4,1
101516,45,M,787787,salaried,343257,24,2,4,1
101517,50,M,823812,self_employed,589689,18,0,1,1
101518,34,M,985825,self_employed,265432,60,0,2,0
101519,27,F,840796,salaried,480779,12,1,0,1
101520,37,M,475203,salaried,215486,60,1,4,1
101521,40,M,494866,self_employed,721502,60,1,3,1
101522,56,M,925107,salaried,383636,48,4,3,0
101523,29,M,686644,self_employed,260536,18,3,2,1
101524,58,F,802416,salaried,780617,48,0,1,0
101525,42,F,1166003,self_employed,126693,60,3,1,1
101526,22,F,826585,self_employed,85135,12,3,1,1
101527,44,M,481607,self_employed,515448,60,1,3,1
101528,28,M,1139336,self_employed,186262,24,3,1,1
101529,31,F,917286,salaried,644487,60,0,3,1
101530,33,M,1179933,self_employed,54331,48,0,2,1
101531,37,F,1070095,salaried,567400,18,2,0,1
101532,28,M,1190950,salaried,233258,12,4,4,1
101533,41,M,915791,self_employed,340693,48,3,2,1
101534,38,F,1116020,self_employed,262854,60,4,3,1
101535,50,F,503827,self_employed,600049,24,4,2,1
101536,38,F,211753,salaried,554840,36,4,4,1
101537,51,M,1021206,self_employed,234544,24,4,0,0
101538,58,M,274116,self_employed,400002,60,0,4,1
101539,52,F,1172780,salaried,134667,24,3,3,0
101540,31,F,805496,salaried,54677,36,2,4,1
101541,45,F,167413,salaried,254580,24,4,2,1
101542,53,M,787938,salaried,180334,36,2,1,1
101543,58,F,1020946,student,524081,60,0,2,1
101544,28,F,216197,salaried,545784,36,0,3,1
101545,31,F,643992,self_employed,413581,48,1,0,1
101546,42,M,373492,student,461811,48,4,4,1
101547,44,M,935833,salaried,530675,36,1,0,1
101548,37,F,576070,self_employed,634436,12,2,3,1
101549,32,F,226240,salaried,649559,18,3,4,1
101550,52,F,385595,self_employed,608745,12,1,2,1
101551,35,F,439662,salaried,616819,36,0,2,1
101552,36,F,988357,self_employed,254335,18,4,3,0
101553,42,M,340920,salaried,516516,48,2,4,1
101554,48,M,1048332,salaried,702315,18,0,2,1
101555,40,M,1029854,self_employed,244243,36,3,3,1
101556,53,M,382076,salaried,562445,48,4,3,1
101557,30,M,587805,salaried,307231,18,3,0,0
101558,52,M,313187,salaried,620059,18,3,2,1
101559,53,M,605150,self_employed,667423,12,4,4,1
101560,22,M,659551,salaried,640642,18,4,2,1
101561,53,M,317527,salaried,687031,60,3,2,1
101562,53,M,920644,salaried,608180,36,2,2,1
101563,33,M,797652,salaried,252268,6,4,3,0
101564,50,F,1137797,salaried,145057,6,0,1,1
101565,53,M,400144,salaried,88409,6,1,1,1
101566,33,M,214925,salaried,296889,36,2,0,1
101567,46,F,519360,salaried,477686,6,4,2,1
101568,42,F,744557,salaried,199457,12,4,1,1
101569,59,M,1098458,self_employed,466512,36,2,0,1
101570,22,F,1140121,salaried,373860,60,1,3,1
101571,58,F,633442,salaried,76382,48,3,2,1
101572,59,F,980371,self_employed,126675,60,0,4,0
101573,46,M,929976,salaried,596707,36,4,3,1
101574,35,F,1159869,self_employed,131238,36,1,0,1
101575,54,M,643814,salaried,275825,18,0,3,0
101576,31,F,481310,salaried,744651,18,2,4,1
101577,23,F,247406,salaried,324541,18,4,3,1
101578,26,M,1114725,self_employed,370032,24,3,0,1
101579,29,F,729223,self_employed,85169,12,2,4,1
101580,26,M,534583,salaried,636470,36,4,4,1
101581,29,F,1171436,salaried,209413,60,1,3,1
101582,59,F,944760,student,227216,36,0,4,1
101583,51,M,1152429,salaried,504988,18,0,3,1
101584,52,F,754489,salaried,129360,36,4,2,1
101585,32,M,1196439,self_employed,587732,48,2,4,1
101586,28,M,908761,self_employed,488863,36,3,3,1
101587,28,F,381324,salaried,173662,60,1,2,0
101588,48,M,634273,self_employed,148843,6,4,4,1
101589,40,F,1069424,self_employed,686438,48,1,2,1
101590,27,M,456081,salaried,481599,48,0,4,1
101591,31,M,875084,salaried,669114,36,3,0,0
101592,40,F,838332,salaried,524768,24,1,0,1
101593,36,M,876448,student,275121,18,4,3,1
101594,24,F,572132,self_employed,699001,12,3,1,1
101595,26,F,220463,salaried,105612,12,2,0,1
101596,42,F,243500,self_employed,674762,6,4,1,1
101597,46,F,711446,salaried,348303,12,1,2,1
101598,23,F,919305,salaried,613998,12,3,2,1
101599,34,M,483840,salaried,687384,18,4,1,1
101600,31,F,997942,salaried,259417,18,3,3,1
101601,38,M,270076,self_employed,261463,24,3,4,1
101602,32,M,805129,salaried,669212,60,3,1,1
101603,43,F,867104,self_employed,318602,6,1,1,1
101604,32,F,952242,salaried,347668,12,4,1,1
101605,33,F,1072630,salaried,712213,24,0,1,1
101606,45,F,311081,student,352621,6,0,1,1
101607,39,F,674480,salaried,344366,48,1,3,0
101608,56,F,397536,salaried,592608,12,1,0,1
101609,28,M,186413,salaried,144154,12,3,4,1
101610,49,M,1001480,self_employed,626531,18,4,0,1
101611,52,M,725228,salaried,750975,36,4,1,1
101612,38,F,714430,salaried,460568,6,2,0,1
101613,26,M,186468,salaried,647121,12,2,3,1
101614,38,M,1098202,salaried,143476,6,0,2,1
101615,39,M,816015,self_employed,164560,60,2,0,0
101616,42,F,1076863,salaried,351411,24,2,4,1
101617,57,F,1065480,salaried,612229,24,0,3,1
101618,52,M,192056,salaried,599656,36,0,2,1
101619,23,M,201831,salaried,343128,12,2,3,1
101620,48,M,995623,self_employed,485157,60,4,1,1
101621,30,M,923952,salaried,253990,18,2,2,1
101622,55,M,1058380,student,495899,12,3,4,1
101623,49,F,576488,salaried,307481,6,3,2,1
101624,35,F,782405,salaried,50801,48,3,4,1
101625,53,M,426815,self_employed,680826,24,1,1,1
101626,27,M,1143778,salaried,659557,6,3,4,1
101627,32,M,718242,self_employed,348113,36,4,3,1
101628,50,M,383192,student,525485,24,1,0,1
101629,41,M,675005,salaried,141679,18,1,3,1
101630,51,M,1162140,salaried,731065,24,3,3,1
101631,44,M,154994,self_employed,765663,48,2,2,1
101632,40,F,940666,salaried,340507,60,0,1,0
101633,57,F,219300,salaried,211792,12,2,0,1
101634,24,F,456093,salaried,607639,48,2,4,1
101635,48,M,711693,salaried,685311,60,1,2,1
101636,40,F,666479,self_employed,741505,48,1,1,1
101637,44,F,489679,salaried,662236,12,1,0,1
101638,52,M,505054,salaried,794974,24,4,3,1
101639,56,M,830667,salaried,269188,36,4,1,1
101640,54,M,901731,salaried,326999,12,0,1,1
101641,56,M,942908,salaried,479385,12,1,1,1
101642,22,M,594972,self_employed,311677,60,3,3,0
101643,35,F,592899,salaried,227476,18,1,4,1
101644,54,M,631215,self_employed,200641,24,4,2,1
101645,56,M,850636,self_employed,699362,12,1,4,1
101646,26,M,570162,salaried,628725,36,4,0,1
101647,59,F,920050,salaried,206810,6,1,2,1
101648,32,M,1141437,salaried,140410,24,3,0,1
101649,23,F,195095,salaried,69731,18,0,3,1
101650,38,M,542118,self_employed,715491,48,3,4,1
101651,41,M,500067,self_employed,235169,12,4,1,1
101652,35,F,533071,salaried,315033,36,2,2,1
101653,53,M,420170,salaried,583857,24,3,1,1
101654,55,M,421421,self_employed,256749,36,1,0,1
101655,46,M,323311,student,135192,36,0,1,0
101656,28,F,590880,salaried,137154,60,1,1,0
101657,56,F,984440,salaried,258542,48,1,3,0
101658,50,M,806030,salaried,158073,18,3,3,1
101659,43,F,823249,student,269894,24,0,4,1
101660,34,M,849895,salaried,569235,12,2,0,1
101661,34,F,490686,salaried,625932,18,1,3,1
101662,22,M,395144,salaried,606357,12,0,3,1
101663,57,F,1084137,salaried,470547,6,2,4,0
101664,25,F,926505,salaried,195006,36,1,2,1
101665,58,F,1102164,student,453311,6,0,4,1
101666,34,M,481119,salaried,534710,60,3,1,1
101667,59,F,602413,salaried,592994,36,1,1,1
101668,45,M,1126351,salaried,224588,48,1,3,1
101669,40,F,1013731,salaried,677890,18,0,3,1
101670,22,M,956608,salaried,540224,12,1,4,0
101671,59,M,1056450,salaried,346773,60,2,4,0
101672,26,M,432140,salaried,490126,48,1,0,1
101673,37,M,798456,salaried,531756,12,4,1,1
101674,45,F,708981,salaried,174746,18,2,4,1
101675,48,F,258944,salaried,594719,24,0,2,1
101676,22,F,397572,student,237805,60,2,0,1
101677,55,F,347097,self_employed,614376,6,4,4,1
101678,57,F,980948,salaried,749495,6,4,3,1
101679,25,M,762084,salaried,481231,12,1,4,0
101680,21,M,438213,self_employed,605673,12,1,3,1
101681,32,M,1123737,salaried,382343,12,3,3,1
101682,56,M,530172,self_employed,350821,60,2,1,1
101683,43,M,604151,self_employed,168104,18,3,1,1
101684,51,M,691287,salaried,62818,24,4,4,1
101685,31,M,845532,salaried,531438,6,1,4,1
101686,30,M,445866,student,375145,48,1,2,1
101687,23,F,947057,salaried,205049,36,1,0,1
101688,34,M,348237,salaried,624120,60,0,0,1
101689,36,M,681147,salaried,658278,60,4,4,0
101690,30,F,1109113,salaried,259966,18,1,1,1
101691,49,M,1110811,self_employed,122204,6,4,2,1
101692,30,M,785274,self_employed,95784,24,1,0,0
101693,32,M,989385,student,59921,18,2,4,1
101694,50,M,199522,salaried,305564,48,4,1,1
101695,21,M,380233,salaried,663794,6,3,1,1
101696,25,M,548102,salaried,124408,18,0,1,1
101697,40,F,157485,salaried,698140,6,3,3,1
101698,28,F,262701,salaried,790126,6,4,1,1
101699,32,M,357352,student,600996,60,1,4,1
101700,21,M,334514,self_employed,593135,24,4,2,1
101701,40,M,595093,salaried,630277,60,0,4,1
101702,48,F,948658,salaried,54922,36,4,1,1
101703,57,M,767693,salaried,513144,24,1,2,1
101704,57,F,1155535,salaried,102335,6,3,0,1
101705,32,F,187019,self_employed,200453,18,2,0,1
101706,57,M,1112452,salaried,367817,48,3,4,0
101707,48,M,739421,student,72948,24,1,2,0
101708,35,M,529747,salaried,666552,36,1,4,1
101709,26,M,308598,salaried,109072,6,0,2,1
101710,40,M,802873,self_employed,379704,48,4,2,1
101711,34,M,979827,salaried,787609,24,4,4,1
101712,22,M,567247,salaried,707846,60,3,2,1
101713,29,M,618758,salaried,116691,60,2,1,0
101714,57,F,1105205,salaried,715442,24,2,2,1
101715,40,M,524743,self_employed,396249,24,0,2,1
101716,46,F,175939,salaried,57086,24,1,4,0
101717,49,F,1116649,self_employed,439962,48,0,0,1
101718,21,F,1087828,salaried,642141,60,4,3,1
101719,55,F,936635,salaried,414069,18,1,2,1
101720,26,M,1084048,self_employed,382171,36,0,3,1
101721,57,M,1083403,salaried,328060,36,3,2,0
101722,25,F,678036,salaried,622668,6,4,4,1
101723,53,F,1017196,salaried,588562,12,2,4,1
101724,34,F,1149074,salaried,366689,18,0,2,1
101725,32,F,614462,salaried,146494,60,4,4,1
101726,40,M,1044468,salaried,165981,6,4,4,0
101727,44,M,824619,salaried,216305,6,2,2,0
101728,54,M,1052957,salaried,66304,24,2,0,1
101729,45,M,497823,student,323438,12,2,2,1
101730,49,M,325607,salaried,338569,60,0,0,1
101731,59,F,559319,self_employed,774071,12,2,4,0
101732,51,F,502156,salaried,160777,18,3,0,1
101733,43,M,424535,salaried,452641,12,4,4,1
101734,58,F,1096405,self_employed,665837,6,2,0,1
101735,40,F,532865,salaried,667752,12,4,0,1
101736,43,F,771825,self_employed,681036,12,1,2,1
101737,36,M,1067472,salaried,516962,36,1,0,1
101738,28,F,331429,salaried,304174,60,2,4,1
101739,41,F,971935,salaried,705362,60,4,2,1
101740,21,M,738574,salaried,303890,6,1,0,1
101741,28,M,486986,self_employed,624699,48,2,2,1
101742,49,F,254927,salaried,484174,12,4,3,1
101743,52,M,635833,student,308901,12,2,2,0
101744,58,M,449372,student,145696,24,4,3,1
101745,25,M,173386,salaried,726067,60,1,3,1
101746,42,F,402156,salaried,720608,12,2,2,1
101747,54,F,1152252,self_employed,645597,60,1,4,1
101748,21,M,999776,student,783682,12,2,4,1
101749,46,M,1103122,salaried,720397,36,0,4,1
101750,30,F,619450,salaried,117421,6,1,1,0
101751,50,F,473258,salaried,286436,60,1,3,1
101752,38,F,398724,self_employed,525083,18,3,2,1
101753,37,M,351202,salaried,352756,6,1,4,1
101754,46,M,264589,self_employed,531247,24,4,4,1
101755,28,M,769003,salaried,587738,6,2,2,0
101756,32,F,343839,salaried,59491,12,0,3,1
101757,47,M,943076,salaried,167026,24,4,2,1
101758,28,M,513298,salaried,124804,6,4,1,0
101759,45,M,656453,salaried,561662,24,4,1,1
101760,24,M,1100437,salaried,693786,18,4,2,0
101761,53,F,407438,salaried,537335,6,0,3,1
101762,21,M,979901,salaried,399230,60,3,4,1
101763,39,F,576903,salaried,770989,60,1,1,1
101764,51,F,1043041,student,413435,48,4,1,1
101765,36,M,595872,salaried,292223,12,1,3,1
101766,34,F,560591,salaried,584255,24,1,1,1
101767,25,F,1032894,salaried,262826,48,4,1,1
101768,46,F,589503,student,355364,48,3,3,1
101769,48,M,903492,salaried,779523,36,1,2,1
101770,22,M,246393,self_employed,744779,24,2,4,1
101771,26,M,745484,self_employed,368275,48,1,4,1
101772,29,F,551426,salaried,531930,36,4,1,1
101773,53,F,451994,salaried,78876,48,0,4,0
101774,45,F,1124488,self_employed,793804,12,1,2,0
101775,33,M,787999,salaried,725331,18,3,1,1
101776,29,M,889538,salaried,279192,36,2,4,1
101777,33,F,1100922,self_employed,361372,18,2,0,1
101778,51,M,615590,salaried,304767,24,0,0,1
101779,31,F,1052458,self_employed,302313,12,0,0,1
101780,24,M,351604,salaried,78261,36,1,0,0
101781,54,M,260130,self_employed,156601,24,4,0,0
101782,58,M,958596,salaried,111260,48,3,1,0
101783,24,M,840955,salaried,548214,60,2,3,0
101784,58,M,180257,salaried,524587,6,0,3,1
101785,39,M,557427,student,446562,24,3,1,1
101786,26,M,1032421,salaried,539170,18,4,1,1
101787,54,M,1072736,salaried,630464,12,2,2,0
101788,38,M,1135257,salaried,364444,12,2,3,1
101789,33,F,568829,salaried,192412,24,4,0,1
101790,43,M,688314,salaried,567561,48,2,1,1
101791,39,F,899450,salaried,740753,6,4,0,1
101792,31,F,693898,salaried,676441,18,2,3,1
101793,21,F,475329,salaried,518349,24,1,4,1
101794,44,F,1008999,salaried,418781,24,4,4,0
101795,27,M,1191482,salaried,722636,60,3,1,1
101796,45,F,972614,self_employed,366783,12,1,2,1
101797,41,F,1068074,salaried,434083,18,3,0,1
101798,35,F,693576,salaried,581598,6,2,1,1
101799,21,M,1015256,salaried,740527,12,3,2,1
101800,32,M,150917,student,415088,24,1,0,1
101801,27,M,1162544,student,528096,12,4,3,1
101802,35,F,1001007,self_employed,715751,12,0,4,1
101803,41,F,1008950,salaried,172013,36,3,2,1
101804,39,M,927475,salaried,231693,12,0,0,1
101805,49,M,823422,salaried,716252,48,3,1,1
101806,45,F,429143,salaried,783946,12,3,0,1
101807,53,M,412091,salaried,488895,48,4,1,1
101808,52,F,553157,self_employed,222687,18,2,4,1
101809,55,F,735457,self_employed,228625,12,1,4,1
101810,58,M,209821,self_employed,159264,6,1,0,0
101811,46,F,399265,salaried,653359,48,1,0,1
101812,31,M,587651,self_employed,746362,48,2,1,0
101813,55,F,424336,salaried,434755,24,0,1,1
101814,28,F,353834,salaried,120658,18,1,2,1
101815,34,F,478821,self_employed,584140,12,0,2,1
101816,30,M,809987,salaried,317531,60,2,2,1
101817,22,M,393877,salaried,439715,6,2,0,1
101818,29,M,1070759,salaried,704669,24,4,2,1
101819,23,M,286285,self_employed,352138,18,1,0,1
101820,41,M,266545,self_employed,284484,48,4,4,1
101821,46,M,824533,salaried,429056,6,1,3,1
101822,28,M,935945,self_employed,476941,12,2,4,0
101823,22,M,436663,salaried,778042,60,2,0,1
101824,26,M,931163,salaried,705920,36,3,0,1
101825,48,F,1144453,self_employed,436354,36,3,3,1
101826,49,F,164995,self_employed,313456,18,2,1,1
101827,46,M,173559,student,438026,60,2,1,1
101828,45,M,671244,salaried,137566,6,0,1,1
101829,32,M,548237,self_employed,333473,24,0,2,0
101830,25,M,772288,salaried,284750,6,4,1,1
101831,54,M,594755,self_employed,649830,60,3,2,1
101832,57,F,638051,salaried,158237,48,3,2,1
101833,35,F,975782,self_employed,569904,36,2,1,1
101834,56,F,589439,salaried,426620,18,2,1,1
101835,35,M,565466,salaried,347789,12,4,3,0
101836,43,F,626111,salaried,137502,6,3,3,1
101837,26,F,1025564,salaried,536598,36,0,2,1
101838,41,M,634282,salaried,399454,24,1,3,1
101839,43,M,671396,self_employed,583037,18,4,2,1
101840,36,M,1097272,salaried,736143,12,1,0,1
101841,35,M,869778,salaried,634933,6,0,2,1
101842,45,F,1184451,salaried,263933,24,0,2,1
101843,56,M,458974,salaried,103175,12,1,3,1
101844,31,M,202446,salaried,198395,48,4,0,1
101845,35,M,1172582,salaried,100762,36,1,4,1
101846,24,M,861943,salaried,638510,48,4,4,0
101847,41,F,1094734,salaried,477709,36,4,4,1
101848,33,F,290148,salaried,239400,24,2,0,1
101849,42,F,181085,salaried,305539,48,3,1,1
101850,39,M,674006,salaried,62213,36,3,0,1
101851,54,F,490912,salaried,671655,18,0,3,0
101852,34,M,185903,salaried,752290,24,2,2,1
101853,24,F,762242,self_employed,208785,36,3,2,1
101854,47,M,662493,self_employed,681445,6,4,3,1
101855,49,M,1155489,self_employed,82583,36,4,3,1
101856,48,M,1019446,salaried,703080,48,1,2,1
101857,55,M,791593,self_employed,129944,18,1,1,1
101858,28,F,350753,self_employed,72369,12,4,1,1
101859,36,M,182101,self_employed,753288,12,4,1,1
101860,56,M,152775,salaried,69510,36,1,3,1
101861,50,M,640399,salaried,62120,12,3,2,1
101862,38,F,195619,self_employed,674135,36,0,2,1
101863,22,M,562755,salaried,672863,18,1,2,1
101864,33,F,215149,salaried,441413,12,3,0,0
101865,24,F,176616,salaried,317439,48,3,0,1
101866,46,M,896055,salaried,594748,48,3,4,1
101867,45,M,356903,salaried,589251,6,2,0,1
101868,50,M,1188218,salaried,601616,36,2,1,0
101869,31,F,502365,salaried,174034,12,3,1,1
101870,27,M,1051311,salaried,595893,48,4,1,1
101871,51,M,437623,salaried,225885,60,2,1,1
101872,30,F,511309,salaried,227443,18,1,4,1
101873,59,F,205863,salaried,682529,18,2,1,1
101874,33,M,645654,self_employed,241848,60,4,3,0
101875,51,M,927635,self_employed,304289,60,0,3,1
101876,27,M,863340,salaried,742272,6,2,3,1
101877,56,M,1150460,salaried,219446,18,3,0,1
101878,40,M,428495,salaried,777662,18,3,2,1
101879,24,F,397908,self_employed,112784,12,3,4,1
101880,27,M,981257,salaried,71274,36,0,3,0
101881,21,F,751982,salaried,704282,24,4,3,1
101882,33,F,1083334,salaried,267220,18,1,1,0
101883,42,M,850033,salaried,766358,18,4,3,1
101884,41,F,1063438,self_employed,412578,24,0,1,1
101885,42,M,894822,self_employed,293768,18,3,1,1
101886,48,F,719354,salaried,486572,12,4,2,1
101887,29,F,284445,salaried,742494,12,1,0,1
101888,46,M,553551,salaried,510258,24,3,1,1
101889,29,M,1091245,salaried,193435,48,1,1,1
101890,35,M,719829,salaried,528365,18,2,2,1
101891,30,M,741271,salaried,554136,48,1,1,1
101892,44,M,303837,salaried,119672,18,3,4,1
101893,28,M,864647,salaried,620534,36,2,0,0
101894,44,F,1057179,self_employed,544209,18,3,4,1
101895,36,M,1021535,salaried,663398,12,3,3,0
101896,46,F,327597,self_employed,535654,6,2,0,1
101897,47,F,1185408,self_employed,314954,60,1,3,1
101898,57,M,628454,salaried,765220,6,0,1,1
101899,24,F,1009625,self_employed,258271,6,0,2,0
101900,44,M,646440,salaried,645976,6,0,4,1
101901,39,M,926372,salaried,767723,60,0,3,1
101902,56,F,795303,salaried,323306,48,4,1,1
101903,59,M,322257,student,647823,60,0,4,1
101904,30,F,445599,salaried,450435,48,2,4,1
101905,45,F,1095522,salaried,645152,60,0,3,1
101906,38,F,466363,self_employed,708981,60,3,1,1
101907,39,F,982423,salaried,168371,18,0,2,1
101908,56,F,747904,self_employed,664080,48,1,3,1
101909,30,M,266841,self_employed,749793,18,2,4,1
101910,53,M,319934,self_employed,563214,36,2,4,1
101911,25,F,387068,student,520066,18,4,0,1
101912,55,M,980288,student,116188,6,3,1,0
101913,54,M,251407,salaried,236023,24,2,0,1
101914,53,M,1001161,self_employed,610846,24,1,2,1
101915,41,F,728641,salaried,178938,12,0,3,1
101916,37,M,855356,salaried,196731,12,2,4,1
101917,42,F,186683,salaried,602355,18,1,1,1
101918,57,M,267797,self_employed,662082,60,0,4,1
101919,35,M,474934,student,516441,60,4,0,1
101920,55,M,435713,self_employed,575667,24,2,0,1
101921,48,M,947583,salaried,414691,6,2,3,1
101922,27,F,614310,salaried,682829,48,1,1,1
101923,52,M,707242,salaried,470840,6,3,1,0
101924,31,M,1180488,self_employed,534716,6,4,3,1
101925,30,M,918223,self_employed,793787,18,3,0,1
101926,29,M,259373,salaried,688922,18,2,0,1
101927,34,M,708988,salaried,369889,36,3,0,0
101928,33,M,1160540,salaried,678203,6,0,4,1
101929,45,F,1003220,salaried,564031,60,4,2,1
101930,22,F,1064424,self_employed,455732,60,3,0,1
101931,55,M,1016491,salaried,784782,6,0,2,1
101932,27,M,1069134,salaried,266915,18,1,2,1
101933,41,M,238059,salaried,703848,18,3,1,1
101934,38,M,982583,salaried,205915,36,4,3,1
101935,23,F,592136,student,186984,36,0,4,1
101936,59,F,348303,salaried,726874,12,3,2,1
101937,31,M,661162,salaried,268431,24,1,4,1
101938,59,F,623573,salaried,762392,6,3,1,1
101939,44,M,479125,self_employed,711809,60,0,0,1
101940,39,M,1057383,self_employed,182797,6,3,2,1
101941,24,M,1059531,self_employed,59304,36,4,3,1
101942,46,M,331890,salaried,175555,36,2,1,1
101943,58,F,1097436,salaried,456879,12,0,4,1
101944,52,M,267473,salaried,382464,24,0,0,1
101945,59,M,420741,self_employed,573277,12,0,4,1
101946,56,F,1008823,salaried,518224,60,0,3,1
101947,57,F,889574,salaried,144488,24,3,2,1
101948,53,F,475437,self_employed,308490,48,4,3,1
101949,56,F,306877,self_employed,387735,6,1,4,1
101950,23,M,1022834,salaried,407188,12,4,4,1
101951,29,F,593066,salaried,718036,36,0,3,1
101952,28,F,484923,salaried,712806,12,3,3,1
101953,53,F,769696,self_employed,431448,48,3,3,1
101954,26,F,270062,self_employed,790957,12,0,0,1
101955,59,M,1182499,salaried,556289,6,3,4,1
101956,24,F,1028878,salaried,662495,48,0,1,1
101957,33,M,384196,self_employed,762992,36,4,0,1
101958,22,M,357609,self_employed,248017,36,2,0,1
101959,25,M,825302,salaried,648029,18,3,0,1
101960,47,F,433006,salaried,66365,48,0,1,1
101961,52,M,423813,salaried,770217,18,0,3,1
101962,41,M,1057651,salaried,721064,18,3,4,1
101963,28,M,859132,self_employed,210974,6,1,2,1
101964,58,F,423022,self_employed,282366,12,0,2,0
101965,28,M,939417,self_employed,444411,36,3,4,1
101966,23,F,641121,salaried,300319,36,0,1,0
101967,23,F,431075,self_employed,84012,12,1,2,0
101968,42,M,674624,salaried,716775,36,2,0,1
101969,26,M,979365,salaried,482750,12,1,2,1
101970,22,F,1152403,salaried,595974,48,4,4,1
101971,43,F,743792,salaried,782558,6,3,0,1
101972,22,F,773502,self_employed,557730,6,1,2,1
101973,58,M,263936,salaried,734103,60,2,4,1
101974,37,F,166279,salaried,82161,6,0,1,1
101975,55,M,236124,salaried,504529,12,3,4,1
101976,54,F,486199,salaried,297066,60,1,1,1
101977,43,F,241911,salaried,314546,12,2,0,1
101978,50,M,1035050,salaried,113190,24,1,4,0
101979,28,F,872030,self_employed,296256,60,4,3,1
101980,42,F,1143978,salaried,325419,36,3,3,1
101981,56,F,597244,salaried,733542,36,0,3,1
101982,25,M,526036,salaried,589203,24,2,3,0
101983,33,M,387723,self_employed,313053,24,1,3,1
101984,49,F,988927,salaried,115908,6,3,1,1
101985,51,M,232806,salaried,177337,24,1,4,0
101986,36,M,881893,salaried,84112,12,3,0,0
101987,50,F,1124334,salaried,779411,18,4,3,1
101988,36,M,1142144,salaried,52431,12,1,3,1
101989,32,F,347478,self_employed,136590,60,4,0,1
101990,37,M,637436,salaried,691760,24,2,0,1
101991,36,M,639709,salaried,344768,36,4,3,1
101992,32,F,587585,self_employed,257193,12,3,1,1
101993,28,F,507546,self_employed,111264,36,2,0,0
101994,40,F,967108,salaried,737318,12,1,4,1
101995,23,M,1000525,salaried,412355,36,1,4,1
101996,36,F,331871,salaried,693790,48,3,1,1
101997,50,M,491558,salaried,493148,12,0,2,1
101998,43,M,648512,self_employed,280395,60,0,1,1
101999,48,M,917442,self_employed,356369,36,1,3,1
