customer_id,credit_score,inquiries_6m,delinquency_12m,utilization_ratio,total_outstanding_amount
100000,569,4,0,0.337,113672
100001,722,1,2,0.144,0
100002,653,1,1,0.659,121751
100003,525,2,0,0.21,88562
100004,628,7,2,0.236,0
100005,814,5,3,0.0,167020
100006,710,3,2,0.021,349422
100007,737,0,1,0.232,322616
100008,689,1,2,0.289,351062
100009,666,2,4,0.494,253767
100010,681,1,0,0.051,707488
100011,698,1,2,0.44,0
100012,597,1,0,0.475,493708
100013,737,5,0,0.485,460628
100014,764,2,2,0.557,621000
100015,665,1,1,0.118,235968
100016,640,3,2,0.458,657392
100017,624,5,1,0.703,497700
100018,811,1,1,0.63,26149
100019,646,3,2,0.728,225728
100020,728,1,1,0.398,0
100021,665,3,2,0.232,73781
100022,661,5,1,0.0,182448
100023,622,2,1,0.101,195034
100024,607,1,2,0.245,622472
100025,735,0,1,0.281,322240
100026,605,1,1,0.192,332866
100027,714,3,1,0.418,355580
100028,686,4,2,0.389,296660
100029,736,1,1,0.358,390680
100030,634,5,3,0.507,120744
100031,761,2,2,0.256,261610
100032,669,3,1,0.569,563562
100033,874,1,1,0.109,455913
100034,558,3,0,0.289,349884
100035,862,1,0,0.414,356868
100036,670,5,1,0.0,142684
100037,696,4,1,0.249,152054
100038,634,2,4,0.492,356637
100039,562,3,1,0.265,282180
100040,640,1,1,0.0,0
100041,652,2,3,0.173,143168
100042,693,1,1,0.081,0
100043,764,5,1,0.449,0
100044,694,1,2,0.373,521316
100045,695,2,3,0.038,383160
100046,708,0,1,0.022,58794
100047,548,1,0,0.205,122259
100048,555,0,2,0.356,401052
100049,567,3,1,0.216,342566
100050,652,0,1,0.42,47238
100051,539,4,0,0.413,312729
100052,628,1,1,0.456,198258
100053,577,2,1,0.067,190556
100054,716,2,0,0.295,0
100055,712,2,1,0.565,567732
100056,657,1,0,0.216,189132
100057,537,2,1,0.187,257496
100058,662,0,1,0.252,293400
100059,704,5,2,0.247,96779
100060,740,4,0,0.374,291392
100061,811,4,1,0.234,0
100062,763,1,0,0.0,386709
100063,692,1,0,0.587,105122
100064,658,3,1,0.451,73380
100065,624,1,0,0.38,0
100066,781,3,2,0.331,0
100067,692,0,3,0.285,104756
100068,727,1,2,0.19,0
100069,635,3,1,0.0,154661
100070,586,2,2,0.675,487780
100071,649,3,0,0.354,0
100072,657,2,0,0.028,202034
100073,694,1,2,0.145,147224
100074,624,2,0,0.411,214056
100075,681,1,1,0.407,396764
100076,768,1,0,0.2,612936
100077,554,3,0,0.134,300330
100078,521,6,0,0.236,696660
100079,773,1,3,0.0,115400
100080,570,2,2,0.255,25167
100081,651,5,0,0.257,254972
100082,725,2,2,0.655,118575
100083,675,0,0,0.26,563276
100084,674,4,3,0.401,172059
100085,685,1,1,0.67,306222
100086,868,1,3,0.137,89166
100087,813,0,3,0.225,479172
100088,627,1,2,0.242,408252
100089,758,3,1,0.015,443608
100090,717,3,2,0.298,527268
100091,678,2,1,0.583,709344
100092,611,0,3,0.519,454944
100093,713,2,0,0.586,278397
100094,657,1,0,0.223,23764
100095,651,3,1,0.124,159774
100096,622,0,0,0.801,704036
100097,754,1,1,0.393,184296
100098,622,3,1,0.028,55878
100099,622,4,3,0.862,0
100100,738,0,3,0.332,754988
100101,669,2,2,0.0,110461
100102,671,1,4,0.641,0
100103,757,1,1,0.0,688012
100104,778,2,0,0.408,268857
100105,520,1,1,0.518,0
100106,670,4,2,0.486,260301
100107,574,3,0,0.661,237760
100108,650,3,0,0.553,323804
100109,679,3,1,0.721,136430
100110,653,4,3,0.331,93234
100111,603,1,0,0.267,99109
100112,599,3,1,0.281,151746
100113,734,3,1,0.625,177800
100114,795,3,0,0.222,134785
100115,525,4,0,0.519,588284
100116,655,1,1,0.178,62908
100117,734,1,0,0.182,60924
100118,677,0,2,0.587,92142
100119,596,6,1,0.437,38839
100120,644,0,2,0.0,512706
100121,702,1,2,0.179,386874
100122,656,3,2,0.0,0
100123,676,1,1,0.275,186726
100124,678,2,2,0.295,137379
100125,640,1,3,0.255,406980
100126,741,1,1,0.591,356792
100127,644,2,1,0.433,138264
100128,604,2,2,0.843,0
100129,847,2,0,0.457,0
100130,674,2,1,0.461,493220
100131,484,2,2,0.404,503120
100132,774,2,2,0.296,164812
100133,773,4,1,0.22,467552
100134,714,1,0,0.303,176109
100135,727,1,0,0.312,341688
100136,841,2,1,0.331,121842
100137,607,2,2,0.477,671132
100138,689,3,0,0.41,457624
100139,827,2,0,0.247,672552
100140,843,1,0,0.202,195363
100141,652,3,1,0.395,52891
100142,830,5,1,0.165,607300
100143,740,2,1,0.265,182646
100144,792,3,2,0.244,370892
100145,737,1,0,0.835,0
100146,702,4,1,0.095,154650
100147,845,3,3,0.191,426344
100148,640,2,0,0.239,0
100149,822,3,1,0.26,170301
100150,834,2,3,0.55,176948
100151,782,1,2,0.299,403383
100152,674,1,3,0.085,775832
100153,698,3,2,0.636,329894
100154,584,4,1,0.403,141007
100155,646,5,1,0.434,330968
100156,726,3,1,0.48,0
100157,572,2,1,0.104,330828
100158,657,0,1,0.349,99686
100159,825,3,0,0.514,482319
100160,668,3,1,0.222,173164
100161,757,3,0,0.411,88232
100162,722,1,0,0.459,77658
100163,656,2,1,0.058,0
100164,668,3,0,0.144,34508
100165,692,1,1,0.0,0
100166,526,4,4,0.395,387918
100167,751,2,1,0.727,378016
100168,671,2,0,0.212,394524
100169,753,2,0,0.311,0
100170,709,1,0,0.553,594744
100171,667,2,1,0.403,493032
100172,694,1,0,0.155,230772
100173,695,5,0,0.655,0
100174,790,3,1,0.389,0
100175,684,1,1,0.304,0
100176,701,2,1,0.32,451089
100177,585,3,0,0.468,718160
100178,676,3,1,0.227,717804
100179,789,5,2,0.664,334395
100180,712,1,0,0.602,122543
100181,598,0,0,0.352,233886
100182,606,0,0,0.362,0
100183,624,4,2,0.181,100899
100184,754,0,3,0.223,0
100185,745,1,2,0.123,49864
100186,420,1,0,0.309,0
100187,673,2,2,0.362,421880
100188,691,1,1,0.032,213333
100189,607,3,1,0.488,0
100190,650,4,0,0.176,90719
100191,779,2,3,0.432,211574
100192,710,3,1,0.511,171816
100193,642,2,2,0.611,153125
100194,665,2,0,0.569,151060
100195,662,2,0,0.681,246624
100196,701,2,1,0.513,318862
100197,572,4,5,0.384,265988
100198,629,1,2,0.255,282008
100199,757,1,0,0.326,131441
100200,674,1,4,0.676,219736
100201,616,5,1,0.31,243496
100202,619,4,0,0.349,169474
100203,734,1,0,0.645,490599
100204,641,2,0,0.303,0
100205,718,4,3,0.191,124698
100206,632,0,0,0.577,195018
100207,595,3,0,0.184,339156
100208,698,3,0,0.431,314564
100209,672,3,0,0.396,0
100210,731,4,1,0.413,398547
100211,746,2,1,0.0,132128
100212,653,2,0,0.506,281472
100213,706,1,2,0.338,234010
100214,650,3,0,0.473,324526
100215,727,3,0,0.45,358527
100216,697,2,0,0.413,184478
100217,633,2,1,0.271,0
100218,626,2,1,0.273,109808
100219,700,5,1,0.339,524301
100220,767,3,1,0.384,260454
100221,747,2,0,0.265,632120
100222,609,3,2,0.539,408676
100223,617,4,2,0.284,613376
100224,628,3,2,0.154,107958
100225,635,1,1,0.469,92072
100226,543,0,5,0.726,414864
100227,739,7,2,0.116,170700
100228,645,2,4,0.325,81184
100229,714,4,2,0.563,103734
100230,656,0,0,0.464,658504
100231,678,1,1,0.474,166340
100232,628,2,1,0.356,54225
100233,677,1,1,0.0,463854
100234,614,0,3,0.402,133244
100235,678,1,2,0.425,0
100236,789,1,0,0.575,536325
100237,719,0,0,0.2,290376
100238,701,2,0,0.687,464208
100239,581,3,0,0.288,223402
100240,722,2,0,0.253,364342
100241,729,8,4,0.206,306045
100242,700,1,1,0.559,73084
100243,696,1,0,0.131,580173
100244,669,5,2,0.476,424800
100245,728,2,0,0.188,52280
100246,784,1,1,0.341,0
100247,704,2,0,0.045,84282
100248,607,2,2,0.507,166512
100249,612,3,2,0.32,397194
100250,734,3,0,0.461,534945
100251,607,1,0,0.314,83747
100252,695,1,1,0.456,207050
100253,654,4,0,0.341,85198
100254,599,3,0,0.498,436881
100255,742,2,1,0.457,129540
100256,733,3,1,0.389,318018
100257,578,3,0,0.17,262472
100258,716,1,2,0.263,499280
100259,705,3,2,0.196,0
100260,742,0,0,0.636,105972
100261,692,1,3,0.506,236076
100262,787,3,2,0.358,183828
100263,670,0,1,0.238,0
100264,659,2,0,0.192,357171
100265,606,3,1,0.374,130004
100266,609,4,0,0.719,304520
100267,603,1,1,0.351,594945
100268,696,3,5,0.59,366370
100269,659,0,1,0.405,229917
100270,704,1,1,0.463,172664
100271,589,1,1,0.255,362724
100272,615,3,0,0.311,489900
100273,614,2,1,0.184,0
100274,842,0,2,0.411,106353
100275,667,2,0,0.301,0
100276,675,2,1,0.422,72086
100277,674,4,0,0.153,273572
100278,796,3,0,0.441,433389
100279,558,5,0,0.384,0
100280,675,2,0,0.377,0
100281,558,4,2,0.428,34068
100282,501,3,1,0.302,0
100283,624,5,1,1.0,385460
100284,710,0,2,0.444,112464
100285,620,1,1,0.371,0
100286,709,2,3,0.498,0
100287,687,2,1,0.246,182309
100288,669,1,4,0.239,312872
100289,774,3,3,0.51,0
100290,635,6,1,0.528,387700
100291,708,5,1,0.588,671708
100292,544,0,1,0.065,0
100293,687,2,0,0.325,304366
100294,660,0,1,0.416,313004
100295,591,3,3,0.494,649920
100296,709,1,1,0.455,350148
100297,624,4,2,0.18,206548
100298,809,2,1,0.453,0
100299,497,3,1,0.414,293022
100300,698,0,4,0.414,96963
100301,683,2,3,0.131,263775
100302,658,2,0,0.163,106080
100303,640,1,0,0.712,489516
100304,685,4,1,0.547,300334
100305,759,1,1,0.337,671676
100306,554,1,1,0.341,146818
100307,619,1,0,0.795,0
100308,601,3,4,0.359,37456
100309,597,2,1,0.327,363928
100310,705,0,1,0.191,476968
100311,724,6,1,0.303,400956
100312,759,2,1,0.013,239836
100313,725,1,2,0.454,105174
100314,731,1,0,0.602,0
100315,574,4,1,0.604,295173
100316,791,4,1,0.21,307396
100317,664,2,0,0.0,349120
100318,757,5,0,0.418,355689
100319,576,1,1,0.614,348768
100320,661,0,0,0.029,457564
100321,750,4,0,0.275,0
100322,682,7,0,0.421,124594
100323,623,3,0,0.182,280527
100324,778,2,3,0.004,504141
100325,592,1,0,0.201,421665
100326,678,2,2,0.236,249568
100327,728,1,1,0.0,0
100328,837,1,1,0.564,384860
100329,645,3,3,0.661,692132
100330,659,3,0,0.356,40456
100331,646,6,3,0.496,0
100332,697,3,1,0.054,383592
100333,724,1,0,0.322,103544
100334,761,4,1,0.234,523638
100335,736,3,0,0.432,95916
100336,642,2,1,0.0,0
100337,741,7,0,0.289,0
100338,686,1,1,0.476,0
100339,735,0,0,0.398,115634
100340,740,1,0,0.507,423372
100341,802,2,0,0.23,116308
100342,653,5,3,0.0,183344
100343,639,1,1,0.57,229356
100344,713,2,0,0.502,267182
100345,768,1,2,0.664,315332
100346,684,2,0,0.365,132740
100347,773,1,4,0.433,0
100348,731,0,0,0.816,654576
100349,664,1,1,0.0,377352
100350,722,4,0,0.439,674564
100351,647,0,1,0.594,0
100352,697,2,0,0.393,674364
100353,599,3,2,0.363,103906
100354,674,1,0,0.053,39804
100355,754,2,0,0.643,192572
100356,737,3,1,0.564,37275
100357,726,4,2,0.607,328272
100358,701,3,0,0.346,250032
100359,691,5,0,0.286,393136
100360,584,1,0,0.349,0
100361,664,2,0,0.69,210404
100362,693,2,1,0.298,178647
100363,595,2,2,0.646,145410
100364,548,3,0,0.321,225663
100365,764,2,2,0.179,733764
100366,683,2,2,0.0,258468
100367,695,5,0,0.465,156630
100368,721,2,1,0.504,444720
100369,606,2,2,0.12,141268
100370,649,3,0,0.645,304436
100371,792,1,2,0.074,179390
100372,643,3,0,0.492,61239
100373,660,1,2,0.501,0
100374,629,2,0,0.565,165040
100375,624,2,1,0.0,486453
100376,762,2,0,0.563,91536
100377,494,2,1,0.321,749676
100378,645,5,0,0.282,0
100379,696,3,1,0.515,679248
100380,807,0,1,0.542,268594
100381,594,1,1,0.0,0
100382,582,1,1,0.092,170354
100383,615,0,1,0.59,0
100384,732,2,1,0.445,290264
100385,689,4,2,0.386,0
100386,571,3,2,0.153,180985
100387,687,0,1,0.438,295320
100388,796,1,0,0.594,299440
100389,699,3,1,0.814,450402
100390,692,3,2,0.279,153848
100391,696,2,2,0.525,559662
100392,711,1,0,0.721,152410
100393,584,1,1,0.06,491562
100394,662,0,1,0.71,0
100395,666,3,1,0.39,79842
100396,643,2,1,0.365,607252
100397,731,2,1,0.242,362564
100398,632,3,3,0.277,258807
100399,653,1,0,0.201,101832
100400,585,1,0,0.159,65418
100401,708,3,3,0.44,657428
100402,750,3,1,0.573,386622
100403,652,3,2,0.14,387972
100404,740,1,0,0.211,240504
100405,668,0,0,0.401,200246
100406,490,3,0,0.127,0
100407,676,2,0,0.399,215168
100408,666,2,0,0.296,127978
100409,687,3,0,0.022,323052
100410,698,2,0,0.444,74361
100411,628,6,3,0.238,168966
100412,790,1,0,0.555,325960
100413,675,3,0,0.311,338508
100414,665,3,2,0.208,0
100415,735,1,1,0.343,448912
100416,681,1,1,0.598,270306
100417,872,1,1,0.718,0
100418,664,1,3,0.469,466220
100419,706,3,2,0.232,0
100420,623,2,1,0.357,298674
100421,745,2,1,0.33,258922
100422,703,0,2,0.32,389584
100423,654,1,1,0.299,238648
100424,614,5,0,0.157,47030
100425,581,0,1,0.545,179550
100426,711,2,4,0.522,598412
100427,575,5,1,0.355,579300
100428,778,1,2,0.602,210576
100429,585,1,3,0.468,0
100430,666,2,1,0.127,228282
100431,613,1,1,0.279,0
100432,682,0,1,0.646,515064
100433,681,3,0,0.278,157733
100434,713,0,0,0.211,354238
100435,565,1,0,0.494,190115
100436,622,2,2,0.294,790056
100437,752,2,0,0.462,162756
100438,729,0,1,0.343,183772
100439,492,3,0,0.191,54487
100440,708,2,0,0.211,284307
100441,602,0,0,0.013,356092
100442,635,3,1,0.129,0
100443,662,3,0,0.476,274140
100444,796,2,2,0.591,577773
100445,601,4,1,0.228,31416
100446,574,1,1,0.075,42859
100447,713,2,2,0.578,215578
100448,677,3,2,0.583,249532
100449,770,2,0,0.495,0
100450,653,4,0,0.06,143538
100451,770,1,1,0.453,0
100452,681,1,1,0.46,0
100453,719,5,1,0.53,166570
100454,801,3,0,0.38,0
100455,667,2,1,0.2,0
100456,758,5,0,0.269,599848
100457,633,4,0,0.585,131000
100458,697,4,0,0.426,371914
100459,571,5,0,0.088,174645
100460,642,3,2,0.691,168640
100461,600,3,0,0.581,387477
100462,771,1,0,0.682,199696
100463,810,5,1,0.577,166226
100464,653,8,1,0.164,81272
100465,622,0,1,0.416,195718
100466,581,2,1,0.471,313642
100467,699,0,1,0.081,474232
100468,634,0,1,0.116,0
100469,638,2,2,0.499,0
100470,802,0,1,0.515,0
100471,657,2,2,0.824,0
100472,723,2,1,0.298,42088
100473,683,3,2,0.013,98301
100474,578,1,1,0.32,676988
100475,541,1,0,0.519,199959
100476,716,0,0,0.277,20961
100477,807,4,2,0.37,377460
100478,703,1,1,0.222,0
100479,726,1,1,0.589,126786
100480,612,2,0,0.499,0
100481,756,0,0,0.186,0
100482,755,2,2,0.246,90077
100483,627,2,0,0.214,545250
100484,720,2,2,0.0,0
100485,547,0,0,0.198,784904
100486,734,4,0,0.0,639672
100487,637,5,2,0.537,0
100488,587,2,0,0.553,127851
100489,710,1,0,0.29,90565
100490,547,1,1,0.391,157604
100491,705,2,2,0.564,108816
100492,595,1,2,0.507,199685
100493,579,2,1,0.751,218612
100494,684,3,3,0.402,584648
100495,667,2,1,0.641,132416
100496,789,2,0,0.369,667708
100497,583,1,0,0.326,0
100498,783,5,0,0.486,423189
100499,594,0,0,0.46,172910
100500,748,3,0,0.228,188118
100501,762,0,2,0.185,0
100502,704,2,1,0.365,320870
100503,620,3,1,0.0,139022
100504,565,2,0,0.288,76738
100505,533,2,1,0.154,299373
100506,818,2,0,0.235,64320
100507,657,3,0,0.194,129415
100508,597,2,3,0.504,561440
100509,594,0,0,0.439,0
100510,692,1,1,0.361,61665
100511,650,4,0,0.273,127729
100512,536,2,1,0.557,195296
100513,744,2,0,0.53,146919
100514,705,1,2,0.328,86140
100515,817,1,1,0.621,0
100516,765,2,2,0.312,559092
100517,447,1,3,0.391,128524
100518,786,1,1,0.235,222042
100519,770,3,0,0.271,89174
100520,624,3,3,0.225,238566
100521,647,1,0,0.488,184112
100522,710,3,0,0.425,131086
100523,603,3,0,0.139,218354
100524,661,2,0,0.463,177645
100525,755,1,1,0.709,181360
100526,718,3,1,0.218,557284
100527,629,2,0,0.207,611040
100528,756,2,0,0.352,400872
100529,702,2,1,0.626,414060
100530,700,3,0,0.262,0
100531,641,1,3,0.718,0
100532,679,3,0,0.139,0
100533,621,1,3,0.388,43998
100534,534,5,0,0.01,599776
100535,659,2,0,0.163,0
100536,670,1,1,0.307,237177
100537,690,2,1,0.404,114450
100538,770,2,1,0.598,530547
100539,631,1,1,0.21,375936
100540,652,0,2,0.434,94278
100541,737,2,4,0.082,523959
100542,623,3,0,0.552,95986
100543,691,1,0,0.612,62048
100544,649,2,2,0.558,491985
100545,661,4,1,0.557,492468
100546,736,2,3,0.332,103096
100547,651,2,1,0.405,173639
100548,739,2,1,0.331,0
100549,533,2,1,0.341,470208
100550,572,3,2,0.201,94266
100551,506,2,0,0.406,261780
100552,592,1,2,0.434,88164
100553,819,2,1,0.547,75296
100554,678,2,0,0.428,191500
100555,625,1,3,0.526,37734
100556,738,2,3,0.201,143400
100557,749,0,1,0.635,67572
100558,588,4,1,0.302,288516
100559,867,3,2,0.0,148790
100560,700,2,1,0.272,542660
100561,710,5,0,0.465,322389
100562,717,4,2,0.366,169526
100563,717,2,0,0.0,107773
100564,633,1,1,0.393,244152
100565,838,0,0,0.375,221204
100566,658,0,0,0.156,136582
100567,751,2,0,0.463,159448
100568,644,0,6,0.323,236928
100569,631,4,1,0.0,41735
100570,822,1,1,0.489,120344
100571,671,2,0,0.385,310455
100572,677,3,1,0.653,40509
100573,701,2,2,0.177,229868
100574,875,5,2,0.303,186679
100575,842,1,2,0.563,391158
100576,776,0,0,0.167,400086
100577,894,3,0,0.556,0
100578,609,2,0,0.561,576048
100579,729,3,0,0.413,118616
100580,685,2,1,0.317,653936
100581,547,0,1,0.221,363141
100582,714,2,1,0.206,712888
100583,643,1,2,0.412,382420
100584,795,3,1,0.0,365808
100585,650,3,0,0.239,278638
100586,646,1,1,0.211,0
100587,794,0,0,0.152,89128
100588,675,3,1,0.387,304359
100589,767,1,1,0.056,286970
100590,711,6,0,0.591,81714
100591,712,2,1,0.533,484204
100592,661,1,2,0.622,144937
100593,717,2,2,0.245,0
100594,670,2,1,0.392,470166
100595,619,0,2,0.515,138913
100596,672,3,2,0.324,0
100597,776,1,2,0.237,432372
100598,720,2,0,0.374,37807
100599,737,2,3,0.309,353568
100600,680,3,0,0.136,536811
100601,534,1,1,0.0,110811
100602,588,1,0,0.165,0
100603,658,2,0,0.0,132233
100604,594,1,1,0.176,314628
100605,640,3,0,0.634,494712
100606,637,1,2,0.0,237984
100607,640,4,2,0.44,299463
100608,787,0,0,0.595,135704
100609,676,2,1,0.035,0
100610,750,5,1,0.709,170670
100611,692,3,1,0.335,0
100612,786,3,1,0.622,180466
100613,756,2,1,0.404,0
100614,635,4,0,0.258,0
100615,827,3,0,0.0,256059
100616,645,0,1,0.127,175520
100617,695,1,3,0.486,422080
100618,708,6,3,0.657,97950
100619,716,4,3,0.069,310164
100620,739,5,0,0.338,560012
100621,623,3,1,0.261,187160
100622,733,3,0,0.434,426711
100623,723,0,1,0.368,181788
100624,680,2,0,0.276,60653
100625,665,2,1,0.478,126172
100626,619,3,2,0.212,732908
100627,716,1,1,0.352,314842
100628,630,5,2,0.504,43347
100629,697,7,1,0.205,178776
100630,672,3,0,0.278,0
100631,579,2,2,0.238,222426
100632,609,4,2,0.44,656928
100633,710,1,1,0.42,257769
100634,640,0,1,0.246,267564
100635,638,2,2,0.418,0
100636,622,2,1,0.0,500490
100637,625,0,3,0.517,0
100638,803,2,2,0.529,706716
100639,596,0,0,0.249,58513
100640,790,1,1,0.209,408684
100641,655,0,0,0.338,0
100642,630,2,0,0.168,137016
100643,708,1,0,0.199,185457
100644,683,1,0,0.412,376224
100645,665,0,1,0.512,365350
100646,696,0,0,0.414,0
100647,682,1,1,0.927,0
100648,663,0,2,0.6,386331
100649,750,7,1,0.497,134917
100650,571,1,0,0.49,574650
100651,611,4,2,0.367,203428
100652,620,2,2,0.451,415008
100653,600,4,1,0.39,187556
100654,686,2,3,0.56,149682
100655,717,2,0,0.294,415098
100656,532,2,0,0.283,0
100657,644,4,3,0.586,444111
100658,655,1,1,0.258,48357
100659,658,2,0,0.161,0
100660,583,3,1,0.2,364568
100661,656,5,1,0.5,103548
100662,611,1,2,0.884,413592
100663,654,2,0,0.172,557784
100664,551,0,0,0.479,52080
100665,655,3,1,0.381,164512
100666,626,3,2,0.576,592212
100667,660,0,1,0.477,265450
100668,702,1,1,0.588,145113
100669,676,0,1,0.408,0
100670,739,0,1,0.183,263637
100671,652,1,2,0.214,474780
100672,726,3,1,0.392,239084
100673,764,2,1,0.443,318320
100674,700,5,0,0.273,130432
100675,678,2,4,0.753,0
100676,711,2,0,0.538,61240
100677,703,2,0,0.0,40723
100678,755,1,1,0.325,183426
100679,739,2,3,0.144,246012
100680,740,1,1,0.731,0
100681,683,0,2,0.0,551796
100682,705,4,3,0.434,310652
100683,704,1,0,0.375,175582
100684,589,3,0,0.513,245674
100685,760,1,0,0.415,269811
100686,554,2,1,0.764,0
100687,733,2,1,0.534,420836
100688,700,1,0,0.0,542175
100689,658,2,3,0.631,0
100690,709,0,3,0.391,515682
100691,711,2,1,0.631,92403
100692,581,1,1,0.287,133888
100693,786,1,2,0.138,224008
100694,685,0,1,0.1,0
100695,853,3,0,0.562,389464
100696,739,1,2,0.509,122356
100697,683,2,3,0.232,320468
100698,628,1,0,0.0,0
100699,671,5,0,0.57,0
100700,691,1,0,0.0,219320
100701,789,4,1,0.785,159088
100702,771,1,0,0.061,73881
100703,713,0,1,0.353,583576
100704,812,3,1,0.396,138159
100705,528,3,0,0.423,525784
100706,714,2,0,0.415,0
100707,774,3,1,0.376,274902
100708,721,2,0,0.263,183301
100709,580,2,1,0.305,366333
100710,784,1,4,0.22,369120
100711,737,2,2,0.373,41341
100712,705,3,0,0.0,141500
100713,686,1,0,0.413,462568
100714,829,2,0,0.33,342508
100715,713,2,0,0.518,270290
100716,661,2,0,0.289,330060
100717,619,2,4,0.47,21884
100718,736,1,2,0.46,197936
100719,753,2,0,0.322,530344
100720,684,0,0,0.421,210082
100721,638,3,0,0.081,99738
100722,779,3,0,0.618,383068
100723,613,1,0,0.241,0
100724,827,3,0,0.314,60720
100725,624,6,0,0.139,88785
100726,584,4,1,0.196,316869
100727,593,1,0,0.679,185821
100728,596,1,2,0.378,101754
100729,662,0,1,0.291,148660
100730,644,0,0,0.29,0
100731,756,2,0,0.35,128288
100732,746,1,1,0.494,143252
100733,663,2,1,0.389,622152
100734,900,5,1,0.393,109998
100735,662,5,1,0.165,234345
100736,672,2,1,0.291,576708
100737,584,3,2,0.381,128715
100738,673,2,2,0.344,330999
100739,702,2,0,0.267,158796
100740,591,0,1,0.248,0
100741,642,2,1,0.437,103518
100742,704,1,1,0.442,547218
100743,640,4,1,0.548,555800
100744,624,0,1,0.389,206924
100745,738,4,1,0.0,478215
100746,583,6,1,0.822,0
100747,598,3,1,0.348,0
100748,693,2,2,0.268,122370
100749,743,2,0,0.338,469686
100750,702,1,0,0.271,272220
100751,663,2,1,0.186,386277
100752,657,2,2,0.473,276788
100753,755,2,1,0.32,472652
100754,744,2,0,0.332,168665
100755,683,3,2,0.0,377636
100756,659,2,3,0.305,223968
100757,682,1,3,0.135,230496
100758,625,2,2,0.246,0
100759,668,2,1,0.397,694780
100760,643,3,0,0.227,222942
100761,672,2,1,0.255,453660
100762,645,3,2,0.369,332670
100763,719,1,1,0.249,44449
100764,741,3,2,0.139,602680
100765,651,3,0,0.006,590760
100766,619,4,0,0.417,468552
100767,733,3,2,0.247,545620
100768,693,2,1,0.017,0
100769,652,1,2,0.599,0
100770,783,5,3,0.418,263697
100771,637,0,0,0.112,190032
100772,530,0,0,0.209,88643
100773,626,3,2,0.559,470100
100774,801,4,1,0.315,544756
100775,656,2,0,0.266,0
100776,641,5,1,0.5,35180
100777,681,1,0,0.316,490347
100778,755,0,1,0.596,63548
100779,673,3,1,0.267,588604
100780,724,2,2,0.236,288646
100781,665,2,2,0.353,75003
100782,724,1,2,0.543,40319
100783,693,2,1,0.4,0
100784,650,2,1,0.371,538548
100785,699,5,0,0.189,43214
100786,639,3,1,0.159,291444
100787,576,0,1,0.543,0
100788,678,4,1,0.564,466596
100789,583,1,0,0.558,0
100790,724,5,1,0.508,0
100791,677,1,3,0.439,364203
100792,786,5,1,0.436,527568
100793,655,1,0,0.377,59314
100794,678,1,0,0.462,466776
100795,569,3,0,0.342,0
100796,597,1,1,0.462,375112
100797,554,1,3,0.534,49577
100798,760,2,0,0.098,198671
100799,645,3,0,0.569,151674
100800,779,1,0,0.338,254292
100801,478,4,0,0.642,609128
100802,796,0,1,0.604,167614
100803,674,2,0,0.144,405168
100804,705,1,2,0.35,777504
100805,600,2,1,0.0,472940
100806,719,2,1,0.273,22843
100807,651,2,0,0.421,79668
100808,590,3,0,0.519,453052
100809,589,3,0,0.364,392550
100810,588,3,1,0.439,103064
100811,708,2,0,0.21,289112
100812,632,4,0,0.346,120856
100813,556,3,1,0.232,85553
100814,707,6,0,0.407,263848
100815,517,3,1,0.628,183070
100816,779,1,0,0.339,392916
100817,828,2,0,0.076,143825
100818,581,7,2,0.389,740508
100819,758,2,0,0.491,0
100820,706,1,0,0.166,212808
100821,642,5,2,0.598,186337
100822,645,3,4,0.231,0
100823,729,5,0,0.198,0
100824,677,2,1,0.0,0
100825,485,0,1,0.404,217080
100826,835,0,1,0.713,127214
100827,712,1,1,0.423,588030
100828,676,2,1,0.203,0
100829,626,3,2,0.453,595761
100830,665,2,0,0.51,390504
100831,775,2,1,0.582,110852
100832,699,3,2,0.103,182462
100833,708,1,1,0.661,298242
100834,586,7,1,0.393,378792
100835,653,2,3,0.701,0
100836,683,6,0,0.381,0
100837,732,1,2,0.465,0
100838,648,0,0,0.16,316280
100839,749,1,0,0.547,422133
100840,594,6,1,0.135,0
100841,685,2,0,0.404,66686
100842,672,2,0,0.264,268772
100843,566,1,1,0.332,201260
100844,676,1,1,0.567,333630
100845,636,1,2,0.279,436503
100846,786,1,0,0.571,64765
100847,649,2,2,0.269,394836
100848,706,2,0,0.376,291780
100849,587,2,3,0.78,452380
100850,697,0,1,0.374,526677
100851,648,1,0,0.335,0
100852,621,4,2,0.378,103764
100853,892,5,2,0.284,154996
100854,653,2,0,0.15,150530
100855,664,4,1,0.762,68469
100856,747,0,0,0.269,0
100857,622,3,1,0.046,0
100858,710,6,2,0.319,147672
100859,718,0,2,0.421,181035
100860,698,6,0,0.308,0
100861,852,2,2,0.34,243020
100862,619,3,0,0.317,61722
100863,795,3,1,0.435,333723
100864,715,0,1,0.514,0
100865,748,1,0,0.312,383552
100866,705,1,2,0.868,723644
100867,820,1,0,0.558,0
100868,655,2,2,0.349,0
100869,717,6,1,0.086,148706
100870,777,2,1,0.373,0
100871,638,3,0,0.513,77554
100872,755,2,0,0.514,0
100873,678,7,0,0.0,397857
100874,587,3,1,0.373,319280
100875,571,1,0,0.254,579651
100876,673,2,2,0.649,715708
100877,754,2,1,0.375,424956
100878,524,2,2,0.0,125366
100879,695,1,1,0.424,72650
100880,746,1,1,0.0,496353
100881,584,1,0,0.44,353532
100882,632,1,3,0.867,0
100883,722,2,1,0.622,174902
100884,743,2,1,0.402,526617
100885,800,2,0,0.218,553716
100886,636,0,0,0.605,222645
100887,618,2,1,0.477,0
100888,803,5,1,0.297,251234
100889,623,2,0,0.242,698768
100890,718,2,2,0.169,131154
100891,843,2,0,0.425,481848
100892,736,2,1,0.267,553408
100893,738,2,1,0.384,239997
100894,775,4,1,0.536,143958
100895,719,4,1,0.262,525801
100896,739,3,2,0.479,0
100897,654,2,0,0.594,337532
100898,766,1,0,0.429,179294
100899,711,1,2,0.49,622764
100900,569,2,1,0.431,547524
100901,698,3,2,0.353,156861
100902,517,2,0,0.517,78928
100903,733,2,2,0.672,149895
100904,662,2,2,0.521,161712
100905,822,4,0,0.311,162678
100906,716,4,0,0.317,71138
100907,749,4,2,0.324,436818
100908,601,4,0,0.539,218786
100909,731,1,2,0.245,0
100910,631,1,0,0.145,202188
100911,761,0,1,0.444,86454
100912,596,1,0,0.354,182780
100913,688,2,2,0.646,0
100914,593,4,1,0.0,0
100915,689,2,1,0.392,689540
100916,831,2,0,0.269,0
100917,734,4,1,0.512,446044
100918,677,1,2,0.294,0
100919,495,1,2,0.235,387304
100920,639,3,0,0.537,0
100921,715,1,1,0.606,165630
100922,641,2,0,0.33,90380
100923,787,1,0,0.334,0
100924,685,0,0,0.604,784816
100925,760,4,1,0.582,268833
100926,695,1,0,0.556,0
100927,659,2,2,0.269,0
100928,644,0,1,0.218,163617
100929,604,1,1,0.677,224481
100930,762,1,3,0.472,210507
100931,647,0,1,0.202,487984
100932,719,0,4,0.329,244704
100933,640,4,1,0.367,704664
100934,598,1,1,0.329,124190
100935,721,0,4,0.292,0
100936,623,0,0,0.596,0
100937,649,4,1,0.456,193994
100938,586,4,0,0.801,160420
100939,643,2,2,0.607,100131
100940,681,2,3,0.377,413370
100941,658,1,1,0.633,284300
100942,741,1,0,0.421,458616
100943,690,1,2,0.834,37192
100944,900,5,1,0.287,231604
100945,711,0,2,0.441,0
100946,549,5,2,0.23,375838
100947,664,1,1,0.274,0
100948,670,1,1,0.282,224348
100949,633,0,1,0.597,114946
100950,685,1,2,0.392,761804
100951,631,2,2,0.0,151965
100952,704,2,0,0.369,498993
100953,536,0,4,0.155,257769
100954,765,3,2,0.262,263256
100955,561,3,2,0.58,352100
100956,660,3,0,0.081,508044
100957,625,1,0,0.104,0
100958,702,1,1,0.018,784688
100959,666,2,0,0.273,258774
100960,698,0,2,0.012,28947
100961,763,2,0,0.029,744360
100962,737,2,2,0.304,126881
100963,682,1,1,0.413,256383
100964,714,0,0,0.168,170040
100965,827,3,1,0.422,0
100966,740,2,2,0.372,0
100967,657,1,3,0.458,166145
100968,775,1,3,0.142,0
100969,709,1,0,0.747,0
100970,607,0,1,0.122,0
100971,666,3,1,0.225,173538
100972,569,3,1,0.453,0
100973,508,2,3,0.374,224158
100974,608,2,0,0.519,289880
100975,689,1,0,0.288,0
100976,689,6,1,0.105,0
100977,574,1,1,0.045,0
100978,501,3,1,0.706,94510
100979,790,1,1,0.289,0
100980,687,2,0,0.317,0
100981,796,1,0,0.71,777564
100982,792,0,0,0.252,226312
100983,735,2,1,0.355,77382
100984,684,1,0,0.143,0
100985,650,2,1,0.088,322670
100986,733,1,0,0.728,98922
100987,668,3,1,0.731,256330
100988,635,1,1,0.554,91986
100989,522,2,0,0.548,268242
100990,673,3,1,0.501,373611
100991,762,6,0,0.202,96972
100992,774,4,2,0.408,338943
100993,683,2,3,0.249,354468
100994,613,2,1,0.0,90203
100995,747,0,1,0.574,104766
100996,678,2,0,0.461,0
100997,652,4,2,0.087,182331
100998,570,1,1,0.278,599853
100999,837,2,1,0.56,730892
101000,735,1,1,0.376,81080
101001,743,3,1,0.01,283977
101002,615,4,0,0.107,190828
101003,685,1,1,0.721,33755
101004,673,1,1,0.363,399552
101005,738,2,1,0.562,0
101006,781,3,2,0.718,782952
101007,572,1,1,0.258,178983
101008,599,3,0,0.42,97277
101009,728,5,0,0.0,682400
101010,641,4,2,0.229,133693
101011,741,1,1,0.465,0
101012,652,2,1,0.312,699704
101013,586,1,2,0.44,246708
101014,548,2,1,0.536,62494
101015,716,1,1,0.462,0
101016,718,1,1,0.416,787496
101017,752,5,2,0.388,170130
101018,704,1,0,0.236,90084
101019,398,3,1,0.165,541722
101020,717,3,0,0.621,0
101021,570,4,2,0.508,68526
101022,539,7,1,0.192,164178
101023,530,2,3,0.363,413248
101024,523,4,1,0.072,106188
101025,700,2,0,0.254,139365
101026,625,2,1,0.457,134547
101027,566,2,2,0.402,74490
101028,681,1,0,0.373,151720
101029,597,1,3,0.173,151092
101030,753,6,0,0.133,84396
101031,788,2,0,0.54,0
101032,663,1,1,0.689,336808
101033,783,1,2,0.46,135159
101034,783,6,3,0.316,269618
101035,686,4,4,0.595,167316
101036,810,2,0,0.182,369540
101037,633,1,0,0.561,104715
101038,533,2,0,0.231,227936
101039,563,0,0,0.24,459747
101040,629,0,1,0.283,339510
101041,720,5,2,0.33,0
101042,593,0,0,0.533,83276
101043,629,0,5,0.089,0
101044,586,4,0,0.229,310428
101045,631,1,1,0.392,546624
101046,780,2,2,0.462,782776
101047,706,3,0,0.009,217128
101048,636,3,1,0.192,162582
101049,771,2,1,0.0,22472
101050,681,5,4,0.21,302508
101051,690,3,0,0.263,0
101052,765,0,0,0.451,0
101053,654,5,2,0.0,707592
101054,748,2,1,0.481,354584
101055,743,3,0,0.248,99142
101056,669,1,1,0.282,319746
101057,575,2,0,0.544,0
101058,680,0,1,0.619,129530
101059,765,2,0,0.219,469388
101060,741,1,1,0.218,449432
101061,808,2,0,0.279,0
101062,643,3,0,0.217,81032
101063,738,2,0,0.063,631760
101064,604,2,0,0.344,80451
101065,695,1,1,0.218,117024
101066,762,2,0,0.37,203424
101067,747,2,0,0.692,489492
101068,687,4,0,0.329,116636
101069,659,1,1,0.199,602284
101070,605,3,0,0.296,102157
101071,663,1,1,0.376,224492
101072,581,2,0,0.317,0
101073,654,2,1,0.237,63474
101074,544,0,0,0.019,356694
101075,581,1,2,0.477,0
101076,743,3,0,0.171,73572
101077,735,3,1,0.642,332799
101078,658,2,2,0.276,75030
101079,684,1,2,0.247,91482
101080,694,1,2,0.256,92546
101081,714,0,2,0.38,114040
101082,706,1,2,0.177,165832
101083,579,2,1,0.215,0
101084,496,0,0,0.474,363288
101085,603,3,0,0.146,0
101086,668,2,2,0.46,734008
101087,752,4,1,0.515,0
101088,697,1,2,0.484,618496
101089,720,4,0,0.397,238713
101090,612,2,0,0.0,174694
101091,674,1,0,0.108,275316
101092,684,5,1,0.079,468204
101093,623,5,3,0.274,108464
101094,599,2,4,0.356,0
101095,662,2,0,0.112,148068
101096,729,3,3,0.315,178137
101097,612,3,1,0.487,364148
101098,664,2,0,0.15,111736
101099,781,3,1,0.186,139596
101100,641,2,3,0.586,56861
101101,680,0,1,0.165,689228
101102,672,2,4,0.418,0
101103,665,4,0,0.598,618604
101104,805,0,0,0.114,0
101105,702,4,3,0.129,167316
101106,562,0,1,0.304,81824
101107,794,2,0,0.364,191406
101108,700,0,1,0.222,386146
101109,651,1,0,0.744,185413
101110,781,2,1,0.458,491205
101111,621,1,1,0.189,0
101112,808,4,1,0.077,0
101113,686,2,1,0.337,598047
101114,755,0,2,0.438,674848
101115,900,1,0,0.718,505749
101116,693,4,2,0.365,354705
101117,672,6,1,0.301,195726
101118,599,1,0,0.155,412416
101119,670,3,1,0.424,0
101120,602,2,1,0.553,150466
101121,665,0,1,0.0,152121
101122,897,4,2,0.365,123487
101123,688,3,0,0.146,351348
101124,638,0,2,0.078,156996
101125,664,0,0,0.689,134717
101126,649,2,0,0.527,430998
101127,758,3,1,0.229,130601
101128,673,2,2,0.318,187038
101129,800,2,1,0.287,194777
101130,656,1,0,0.125,596588
101131,661,3,1,0.242,136052
101132,612,3,1,0.507,110641
101133,651,1,0,0.237,374740
101134,549,1,1,0.443,332208
101135,520,2,0,0.238,0
101136,726,3,2,0.113,263660
101137,549,2,3,0.589,515848
101138,710,2,2,0.0,37379
101139,642,1,1,0.707,92401
101140,750,4,1,0.55,0
101141,550,1,3,0.387,109416
101142,724,0,1,0.261,461109
101143,704,3,2,0.276,149140
101144,707,0,0,0.39,118567
101145,764,2,1,0.387,574572
101146,685,3,2,0.158,0
101147,496,3,0,0.364,101490
101148,713,3,0,0.402,702672
101149,703,1,1,0.29,190452
101150,661,2,1,0.798,229512
101151,616,2,1,0.323,183088
101152,652,0,0,0.0,25116
101153,789,0,1,0.148,407356
101154,611,2,1,0.491,0
101155,549,2,2,0.206,0
101156,569,3,0,0.151,577986
101157,677,3,0,0.629,449352
101158,805,1,1,0.384,27811
101159,845,2,2,0.23,0
101160,728,1,0,0.0,161653
101161,606,1,0,0.474,81838
101162,614,0,0,0.353,0
101163,745,3,1,0.61,461028
101164,779,2,2,0.131,299344
101165,631,2,1,0.275,605116
101166,786,0,0,0.41,159535
101167,662,3,0,0.601,0
101168,733,2,0,0.402,243544
101169,765,3,1,0.209,65342
101170,568,2,0,0.61,0
101171,713,5,2,0.288,99944
101172,787,3,0,0.386,512632
101173,637,0,2,0.5,538986
101174,600,3,2,0.663,666392
101175,717,2,1,0.424,186003
101176,690,4,0,0.867,146484
101177,655,2,1,0.332,0
101178,679,4,1,0.409,285784
101179,554,4,1,0.226,95715
101180,710,2,1,0.415,296590
101181,799,2,3,0.409,89844
101182,626,3,2,0.559,78687
101183,617,2,0,0.439,313490
101184,692,2,0,0.245,791376
101185,893,3,2,0.401,297720
101186,762,3,1,0.216,0
101187,672,2,1,0.46,0
101188,682,2,0,0.238,0
101189,769,2,1,0.07,89692
101190,611,4,2,0.124,0
101191,725,4,0,0.115,99056
101192,596,3,4,0.244,0
101193,749,2,1,0.181,335612
101194,657,4,2,0.346,711832
101195,695,2,1,0.272,748596
101196,653,2,1,0.453,0
101197,732,6,1,0.427,95352
101198,666,1,1,0.285,0
101199,841,0,1,0.598,0
101200,786,1,1,0.165,477390
101201,582,1,1,0.551,285339
101202,694,2,1,0.381,329418
101203,735,0,3,0.271,53884
101204,645,5,1,0.576,429039
101205,770,4,1,0.461,0
101206,762,3,1,0.135,386518
101207,673,2,1,0.423,569421
101208,753,1,2,0.423,501159
101209,499,2,0,0.551,291978
101210,781,3,0,0.467,0
101211,746,4,2,0.481,178152
101212,598,1,0,0.262,95391
101213,698,0,3,0.308,154112
101214,528,1,0,0.3,0
101215,622,0,1,0.03,687956
101216,762,2,2,0.607,28871
101217,679,2,0,0.126,340250
101218,674,0,0,0.404,206100
101219,683,0,1,0.284,116796
101220,674,0,0,0.302,285174
101221,754,0,0,0.486,100120
101222,633,2,1,0.194,21381
101223,711,3,1,0.441,0
101224,594,2,1,0.443,0
101225,735,2,1,0.195,291784
101226,655,3,0,0.532,215240
101227,676,2,1,0.623,200186
101228,652,3,0,0.755,290740
101229,662,3,2,0.298,319278
101230,604,3,1,0.388,357876
101231,704,2,2,0.4,743132
101232,721,0,0,0.483,406935
101233,580,4,0,0.7,199815
101234,635,1,1,0.447,90772
101235,682,2,1,0.453,129039
101236,635,3,0,0.131,0
101237,663,5,0,0.76,507620
101238,801,1,0,0.255,551679
101239,603,2,1,0.0,330234
101240,506,2,1,0.0,77560
101241,635,3,4,0.415,353244
101242,655,3,5,0.095,329313
101243,643,1,0,0.361,196754
101244,700,4,0,0.051,204852
101245,602,2,1,0.411,160476
101246,591,3,1,0.463,0
101247,629,1,1,0.385,0
101248,630,3,2,0.211,60021
101249,839,1,1,0.526,296892
101250,796,1,0,0.27,126368
101251,554,1,0,0.312,116826
101252,535,4,1,0.248,527358
101253,673,2,1,0.296,143344
101254,823,0,1,0.724,132437
101255,729,1,2,0.349,213114
101256,677,4,2,0.096,189603
101257,645,1,1,0.158,166592
101258,760,1,2,0.295,325647
101259,693,3,1,0.191,206514
101260,809,0,0,0.54,391268
101261,553,1,2,0.067,102024
101262,711,1,0,0.326,80196
101263,637,2,1,0.552,89176
101264,711,2,0,0.224,78122
101265,698,1,0,0.438,227199
101266,718,2,3,0.342,473504
101267,753,1,0,0.344,191076
101268,784,2,0,0.452,301875
101269,826,2,1,0.0,568028
101270,681,4,1,0.591,583032
101271,639,1,0,0.0,578744
101272,588,4,1,0.577,0
101273,712,3,1,0.437,63388
101274,742,3,0,0.445,319416
101275,578,1,2,0.673,484620
101276,765,3,3,0.587,508599
101277,672,2,0,0.513,376248
101278,585,2,0,0.291,278886
101279,616,1,1,0.278,98000
101280,609,1,0,0.518,289797
101281,610,0,1,0.441,66128
101282,722,3,1,0.41,329322
101283,744,3,0,0.339,0
101284,807,3,0,0.268,504273
101285,627,1,1,0.072,303340
101286,705,1,0,0.479,346458
101287,631,1,0,0.314,144762
101288,681,6,3,0.301,37574
101289,568,3,0,0.0,0
101290,595,1,1,0.369,105558
101291,740,4,1,0.077,260996
101292,568,1,1,0.263,727840
101293,726,1,0,0.509,525688
101294,629,2,2,0.363,46025
101295,535,0,0,0.329,159132
101296,489,2,3,0.205,184288
101297,789,0,1,0.24,372788
101298,537,1,1,0.667,483200
101299,675,3,0,0.506,0
101300,706,3,0,0.258,454494
101301,581,2,1,0.329,136473
101302,638,1,3,0.399,0
101303,715,0,2,0.438,491970
101304,701,2,1,0.345,130052
101305,645,1,1,0.0,503706
101306,697,2,1,0.344,783068
101307,672,4,0,0.332,0
101308,607,1,2,0.761,153322
101309,770,4,1,0.888,0
101310,695,0,3,0.478,246342
101311,541,1,0,0.215,90724
101312,719,0,0,0.486,309963
101313,633,1,0,0.01,463437
101314,658,1,2,0.243,59529
101315,680,5,1,0.025,206703
101316,620,1,1,0.46,37427
101317,815,1,1,0.108,597852
101318,568,0,1,0.293,166988
101319,684,3,0,0.341,33555
101320,708,2,1,0.344,0
101321,683,2,3,0.255,173052
101322,665,2,0,0.417,0
101323,651,3,1,0.099,499572
101324,619,1,1,0.698,325812
101325,618,1,1,0.143,257860
101326,766,1,0,0.358,235167
101327,646,3,1,0.475,490752
101328,839,4,0,0.487,0
101329,730,3,0,0.505,465327
101330,479,0,1,0.031,0
101331,746,3,1,0.167,631704
101332,676,3,0,0.377,353610
101333,575,0,1,0.446,108622
101334,777,3,1,0.601,148700
101335,647,4,0,0.247,75195
101336,640,1,1,0.169,48090
101337,708,3,0,0.241,196908
101338,765,2,2,0.802,0
101339,688,1,3,0.65,236496
101340,683,5,1,0.316,377256
101341,627,1,0,0.607,373336
101342,764,0,0,0.236,261912
101343,689,2,4,0.541,0
101344,663,1,0,0.074,0
101345,653,4,2,0.421,21716
101346,757,1,0,0.554,169212
101347,660,1,0,0.285,781584
101348,757,2,0,0.473,186812
101349,644,1,0,0.238,0
101350,734,3,0,0.411,346254
101351,695,5,2,0.254,784820
101352,608,1,0,0.514,182524
101353,673,2,0,0.097,82671
101354,515,3,2,0.147,117304
101355,624,3,2,0.611,296602
101356,561,3,0,0.0,55486
101357,829,2,1,0.222,286228
101358,562,0,0,0.322,60655
101359,873,2,1,0.421,292090
101360,718,3,1,0.254,219276
101361,641,2,0,0.125,0
101362,740,0,2,0.595,267654
101363,631,3,3,0.561,126836
101364,574,4,1,0.274,0
101365,685,1,3,0.0,86188
101366,732,4,0,0.411,298190
101367,775,0,0,0.386,657700
101368,717,3,0,0.217,0
101369,640,3,0,0.0,788100
101370,783,3,1,0.296,737932
101371,767,3,1,0.503,538832
101372,700,2,1,0.533,93792
101373,770,1,0,0.341,738068
101374,843,3,1,0.225,167003
101375,639,1,1,0.497,124118
101376,612,3,1,0.123,67950
101377,637,3,0,0.079,252096
101378,578,3,1,0.332,325328
101379,724,2,0,0.659,0
101380,559,3,1,0.667,0
101381,774,1,1,0.086,388924
101382,629,2,2,0.263,91220
101383,781,1,0,0.837,329058
101384,488,4,1,0.212,272208
101385,651,3,1,0.674,81222
101386,583,4,1,0.545,0
101387,781,4,0,0.588,0
101388,805,4,4,0.261,211916
101389,504,4,2,0.267,394968
101390,744,1,1,0.168,178516
101391,760,0,1,0.51,162781
101392,704,0,1,0.023,0
101393,724,4,0,0.317,167759
101394,718,3,1,0.677,255198
101395,745,0,2,0.469,226160
101396,598,1,1,0.551,38165
101397,770,2,2,0.021,0
101398,695,1,2,0.151,246165
101399,691,1,2,0.587,360532
101400,722,6,1,0.375,578517
101401,584,1,0,0.142,162454
101402,563,2,1,0.475,0
101403,670,0,1,0.243,106123
101404,795,1,0,0.858,173778
101405,591,1,1,0.47,187814
101406,693,2,0,0.165,0
101407,626,1,3,0.526,554760
101408,616,0,2,0.673,117552
101409,717,1,0,0.349,80706
101410,736,3,0,0.196,81294
101411,620,1,2,0.359,49140
101412,784,1,1,0.227,120541
101413,711,3,0,0.298,286920
101414,661,3,2,0.072,148996
101415,706,1,1,0.525,163638
101416,832,0,2,0.12,168076
101417,736,4,0,0.472,314228
101418,627,2,0,0.289,219618
101419,678,1,0,0.395,163577
101420,689,3,1,0.255,229854
101421,729,1,0,0.389,114062
101422,697,1,1,0.437,389718
101423,822,4,4,0.28,331298
101424,662,4,0,0.004,159115
101425,550,1,2,0.417,740808
101426,696,2,1,0.428,338850
101427,646,4,0,0.063,0
101428,567,2,3,0.154,300364
101429,627,2,1,0.28,142784
101430,653,1,0,0.0,0
101431,765,2,0,0.492,0
101432,568,1,0,0.252,70390
101433,706,3,1,0.408,177780
101434,846,4,3,0.138,147520
101435,666,3,2,0.753,503224
101436,664,1,2,0.066,23470
101437,733,0,1,0.25,182715
101438,719,1,1,0.59,453388
101439,786,4,3,0.12,96804
101440,667,1,0,0.368,403452
101441,732,2,1,0.475,0
101442,733,0,0,0.049,227432
101443,654,5,0,0.216,0
101444,671,2,2,0.388,231820
101445,679,1,1,0.441,0
101446,587,3,0,0.186,180600
101447,650,4,1,0.718,84710
101448,792,1,1,0.446,33831
101449,757,1,2,0.505,218714
101450,636,4,0,0.494,277178
101451,678,4,0,0.037,296422
101452,752,1,1,0.327,169188
101453,713,2,0,0.347,0
101454,739,3,2,0.299,189192
101455,720,2,3,0.391,0
101456,696,3,3,0.0,0
101457,667,2,2,0.376,675988
101458,590,8,1,0.289,198018
101459,731,2,0,0.0,350508
101460,663,1,2,0.434,92526
101461,556,1,2,0.114,0
101462,639,0,1,0.274,0
101463,743,0,1,0.299,525594
101464,536,2,1,0.0,0
101465,602,1,0,0.003,0
101466,690,3,1,0.459,25557
101467,785,2,0,0.229,97728
101468,754,1,0,0.271,652312
101469,792,1,2,0.365,724244
101470,695,2,1,0.0,252582
101471,664,4,3,0.268,57788
101472,743,2,1,0.328,336668
101473,612,2,0,0.703,288664
101474,606,1,0,0.166,46887
101475,593,1,2,0.508,0
101476,761,1,1,0.35,546816
101477,617,1,0,0.123,0
101478,755,2,1,0.223,239208
101479,691,2,1,0.523,162078
101480,762,4,1,0.505,191412
101481,597,3,1,0.246,371732
101482,633,4,1,0.419,416451
101483,714,5,1,0.143,181155
101484,647,3,0,0.315,65196
101485,492,2,1,0.264,134164
101486,577,1,0,0.536,616056
101487,596,3,0,0.443,79853
101488,602,2,2,0.215,351252
101489,731,0,1,0.235,58858
101490,705,4,0,0.344,0
101491,692,3,2,0.318,0
101492,830,2,0,0.294,347178
101493,768,0,1,0.28,0
101494,740,1,0,0.626,461940
101495,567,6,2,0.26,195596
101496,684,1,1,0.41,105204
101497,702,3,1,0.835,257103
101498,648,2,2,0.181,98408
101499,807,4,2,0.389,347226
101500,683,0,3,0.399,197076
101501,587,2,0,0.348,344400
101502,605,3,0,0.358,0
101503,851,1,0,0.174,104694
101504,648,0,1,0.422,79043
101505,524,1,0,0.0,708244
101506,635,4,1,0.71,255789
101507,543,2,2,0.693,0
101508,748,1,0,0.284,369972
101509,533,1,0,0.56,278864
101510,574,2,1,0.291,433701
101511,680,1,1,0.352,147320
101512,763,3,2,0.214,537366
101513,674,4,2,0.514,183936
101514,585,2,2,0.234,0
101515,693,2,1,0.507,778996
101516,644,4,0,0.342,79282
101517,764,1,0,0.347,0
101518,744,1,1,0.052,0
101519,639,2,0,0.362,174307
101520,738,1,0,0.121,126998
101521,700,1,3,0.362,180031
101522,782,3,1,0.738,768116
101523,735,5,0,0.072,375132
101524,721,3,1,0.321,0
101525,779,1,0,0.223,105927
101526,681,2,1,0.142,495531
101527,622,6,1,0.192,69813
101528,695,1,3,0.644,282624
101529,653,2,2,0.697,0
101530,725,4,1,0.141,0
101531,684,3,1,0.43,377004
101532,710,2,4,0.166,766620
101533,589,0,0,0.214,168087
101534,718,5,1,0.0,605908
101535,583,0,0,0.776,296048
101536,752,1,1,0.57,618528
101537,752,2,1,0.22,126300
101538,706,2,2,0.407,0
101539,703,4,0,0.27,99459
101540,663,3,2,0.539,252320
101541,634,2,1,0.282,248308
101542,678,2,2,0.311,94026
101543,828,1,1,0.218,0
101544,697,1,0,0.471,0
101545,579,1,2,0.792,86277
101546,551,6,0,0.293,387868
101547,572,0,2,0.291,158253
101548,651,3,0,0.345,364754
101549,774,4,1,0.402,83193
101550,603,3,1,0.29,121225
101551,786,3,0,0.272,0
101552,693,0,2,0.367,495752
101553,716,0,4,0.0,41820
101554,714,2,1,0.241,0
101555,724,2,0,0.0,202023
101556,649,0,0,0.251,430872
101557,504,1,0,0.16,230550
101558,635,0,1,0.475,541386
101559,613,6,0,0.203,336916
101560,703,2,1,0.277,335564
101561,696,5,1,0.0,392415
101562,659,4,0,0.554,310220
101563,811,1,0,0.133,717148
101564,631,4,0,0.253,0
101565,513,4,1,0.506,183971
101566,688,2,0,0.506,388176
101567,769,1,1,0.128,693272
101568,701,2,1,0.455,155448
101569,653,2,2,0.12,347144
101570,698,2,3,0.396,102224
101571,817,4,1,0.193,305454
101572,614,0,0,0.147,0
101573,682,1,2,0.357,614364
101574,730,1,2,0.205,26112
101575,699,2,1,0.754,0
101576,661,3,2,0.226,51294
101577,648,0,2,0.112,458200
101578,658,1,0,0.17,476007
101579,719,1,2,0.347,287188
101580,715,0,1,0.372,545588
101581,837,1,0,0.412,77170
101582,564,2,1,0.532,0
101583,811,1,0,0.016,0
101584,664,2,0,0.541,552612
101585,673,3,0,0.167,287240
101586,744,3,0,0.43,577632
101587,743,2,1,0.694,129889
101588,766,2,2,0.19,559688
101589,783,0,1,0.182,97565
101590,677,1,1,0.145,0
101591,784,1,2,0.282,295845
101592,632,2,1,0.603,100636
101593,657,6,0,0.127,156060
101594,666,1,2,0.251,65271
101595,640,1,2,0.545,366314
101596,684,3,1,0.475,167452
101597,747,4,1,0.25,46098
101598,728,1,0,0.308,591876
101599,634,2,1,0.533,665468
101600,627,2,0,0.666,568881
101601,615,1,2,0.69,137463
101602,686,1,0,0.626,187116
101603,561,0,2,0.216,41833
101604,613,1,2,0.714,295960
101605,645,2,0,0.202,0
101606,759,3,1,0.02,0
101607,670,2,0,0.372,107968
101608,755,5,0,0.645,59498
101609,694,1,1,0.483,514773
101610,644,1,1,0.335,583316
101611,647,1,1,0.408,269504
101612,592,3,0,0.456,137094
101613,860,2,2,0.38,308426
101614,763,0,1,0.291,0
101615,725,2,1,0.202,233756
101616,582,2,2,0.372,147410
101617,646,1,0,0.325,0
101618,606,0,0,0.351,0
101619,689,1,0,0.559,273124
101620,610,3,3,0.3,103320
101621,629,1,0,0.308,71736
101622,612,5,2,0.388,473253
101623,662,2,1,0.875,488382
101624,685,3,0,0.132,101967
101625,664,2,2,0.568,142850
101626,794,0,0,0.29,227103
101627,740,1,0,0.338,526944
101628,621,1,0,0.088,34919
101629,704,3,0,0.726,192378
101630,627,4,1,0.395,401748
101631,650,2,1,0.482,324216
101632,715,3,2,0.05,0
101633,729,0,0,0.222,81998
101634,635,0,0,0.432,274308
101635,597,1,0,0.318,61543
101636,686,2,0,0.439,74560
101637,712,2,0,0.771,173860
101638,632,2,0,0.451,399220
101639,741,2,2,0.26,567056
101640,727,0,1,0.22,0
101641,631,2,3,0.197,172293
101642,764,1,0,0.264,548487
101643,767,0,0,0.273,79115
101644,835,1,2,0.374,797388
101645,808,1,2,0.456,128573
101646,612,0,1,0.437,548692
101647,749,2,1,0.376,128192
101648,745,2,0,0.39,132972
101649,653,2,0,0.857,0
101650,714,2,2,0.206,211815
101651,539,0,3,0.343,682648
101652,537,3,2,0.0,228728
101653,551,0,0,0.273,522504
101654,709,2,1,0.17,114984
101655,712,0,0,0.204,0
101656,659,4,1,0.113,96986
101657,809,0,0,0.08,116111
101658,754,5,1,0.374,230094
101659,560,4,2,0.492,0
101660,667,0,1,0.196,398112
101661,609,0,0,0.0,58202
101662,711,2,2,0.372,0
101663,677,3,1,0.444,211738
101664,613,1,1,0.485,160607
101665,807,1,1,0.146,0
101666,684,2,3,0.229,116037
101667,648,4,0,0.128,134691
101668,661,1,0,0.202,108901
101669,801,1,0,0.192,0
101670,748,0,1,0.248,140640
101671,667,1,3,0.3,157992
101672,605,0,2,0.373,159204
101673,617,1,1,0.181,411220
101674,643,2,4,0.322,153288
101675,718,3,0,0.169,0
101676,736,1,0,0.0,292476
101677,625,4,0,0.458,448364
101678,740,3,0,0.217,164908
101679,611,2,1,0.003,122342
101680,634,1,2,0.462,112238
101681,571,3,1,0.3,509238
101682,569,3,1,0.441,49192
101683,611,2,0,0.434,109764
101684,678,1,1,0.131,298616
101685,605,2,2,0.536,114540
101686,792,2,0,0.0,178298
101687,610,4,2,0.271,32453
101688,693,1,0,0.257,0
101689,779,0,0,0.195,440468
101690,686,7,0,0.595,126124
101691,652,1,0,0.41,178096
101692,691,2,1,0.068,135219
101693,637,1,0,0.097,103686
101694,604,7,0,0.781,332560
101695,725,1,1,0.255,98232
101696,636,4,2,0.191,0
101697,750,0,0,0.581,176730
101698,739,1,0,0.0,634216
101699,692,3,2,0.627,191153
101700,752,5,2,0.19,732384
101701,639,3,2,0.453,0
101702,738,1,1,0.254,706176
101703,738,1,0,0.035,95048
101704,657,3,1,0.386,510351
101705,647,1,0,0.54,94270
101706,704,3,0,0.0,252819
101707,827,2,0,0.119,119968
101708,662,0,0,0.598,141445
101709,646,0,1,0.43,0
101710,768,2,0,0.443,134932
101711,685,3,1,0.536,335328
101712,744,1,1,0.444,462510
101713,790,2,0,0.379,210320
101714,536,1,0,0.573,258636
101715,677,1,2,0.272,0
101716,662,1,0,0.347,191618
101717,607,3,0,0.515,0
101718,536,1,0,0.197,661288
101719,560,4,2,0.635,56382
101720,687,3,0,0.408,0
101721,639,4,1,0.12,201066
101722,619,2,0,0.311,746176
101723,687,1,1,0.073,47786
101724,628,1,2,0.367,0
101725,776,2,1,0.274,753492
101726,633,2,0,0.177,286376
101727,792,2,1,0.0,299234
101728,677,4,0,0.192,265392
101729,631,1,2,0.314,120218
101730,625,2,3,0.276,0
101731,793,1,1,0.066,388524
101732,732,1,2,0.354,461214
101733,623,3,0,0.153,510820
101734,688,1,2,0.534,147026
101735,503,4,1,0.564,537228
101736,580,2,0,0.299,114013
101737,623,0,0,0.665,129932
101738,621,5,1,0.322,72338
101739,770,3,0,0.09,150672
101740,536,2,0,0.587,71810
101741,572,0,1,0.673,342034
101742,713,0,2,0.549,300636
101743,697,4,1,0.197,322302
101744,653,1,1,0.103,554800
101745,833,1,1,0.28,38362
101746,726,1,0,0.845,327982
101747,771,4,1,0.115,171872
101748,676,1,1,0.514,149296
101749,639,6,1,0.331,0
101750,640,3,0,0.539,77026
101751,749,0,2,0.098,71376
101752,737,1,1,0.3,344502
101753,663,3,0,0.17,34156
101754,715,2,1,0.182,252156
101755,752,2,0,0.497,72478
101756,637,2,2,0.126,0
101757,654,1,1,0.408,132056
101758,713,1,1,0.361,280420
101759,545,2,1,0.159,103668
101760,714,1,2,0.202,141400
101761,595,2,1,0.417,0
101762,750,2,0,0.345,405708
101763,841,2,1,0.358,100197
101764,627,2,1,0.303,510216
101765,578,3,2,0.291,162815
101766,666,1,1,0.346,38891
101767,660,6,0,0.638,193932
101768,729,2,1,0.456,153405
101769,697,1,0,0.324,115093
101770,657,0,1,0.134,325508
101771,686,2,0,0.266,32798
101772,595,1,1,0.166,458300
101773,742,1,1,0.191,0
101774,801,1,1,0.0,34198
101775,590,1,1,0.348,382134
101776,561,2,1,0.764,104208
101777,649,0,3,0.389,55206
101778,588,1,2,0.495,0
101779,584,3,0,0.542,0
101780,574,1,1,0.293,181037
101781,665,2,0,0.306,699424
101782,649,1,1,0.071,148020
101783,707,0,1,0.389,180594
101784,637,3,1,0.361,0
101785,588,1,1,0.179,208233
101786,678,7,2,0.58,512016
101787,600,3,1,0.195,356652
101788,718,0,0,0.919,240296
101789,555,3,0,0.431,502292
101790,517,3,0,0.346,356464
101791,559,3,3,0.738,128824
101792,648,0,3,0.0,128422
101793,658,0,0,0.293,21533
101794,690,1,1,0.263,364528
101795,637,2,1,0.314,580365
101796,616,1,2,0.395,26358
101797,787,7,0,0.308,420570
101798,767,1,1,0.63,148790
101799,753,0,0,0.437,549321
101800,703,2,0,0.447,185531
101801,709,3,0,0.442,769436
101802,619,3,2,0.092,0
101803,690,2,2,0.39,437322
101804,609,2,1,0.397,0
101805,601,1,1,0.125,337377
101806,558,1,0,0.527,176823
101807,710,2,0,0.0,772516
101808,692,1,0,0.854,361522
101809,657,1,1,0.342,93588
101810,647,3,1,0.179,106938
101811,542,2,2,0.474,91240
101812,699,2,0,0.475,383502
101813,656,1,1,0.759,0
101814,747,2,0,0.706,77428
101815,690,3,3,0.084,0
101816,732,1,2,0.296,127342
101817,679,3,2,0.168,133806
101818,693,3,0,0.498,126860
101819,749,2,1,0.633,172882
101820,665,3,1,0.087,242332
101821,715,6,2,0.337,113497
101822,646,3,1,0.224,81412
101823,670,1,2,0.519,82632
101824,799,2,0,0.432,563001
101825,728,2,1,0.585,238965
101826,639,2,0,0.266,44994
101827,711,3,1,0.327,67124
101828,584,2,5,0.429,0
101829,663,5,0,0.296,0
101830,608,2,1,0.41,639316
101831,713,0,1,0.604,87054
101832,665,0,0,0.777,541047
101833,701,1,0,0.252,390298
101834,738,3,0,0.78,371288
101835,645,1,0,0.25,248080
101836,648,1,2,0.524,390015
101837,677,2,2,0.251,0
101838,615,1,0,0.144,145936
101839,679,2,0,0.595,620968
101840,683,3,1,0.34,113202
101841,697,5,1,0.607,0
101842,711,3,2,0.5,0
101843,559,1,0,0.432,44714
101844,583,3,0,0.46,277176
101845,592,0,2,0.568,183783
101846,686,5,3,0.535,80880
101847,658,3,1,0.269,239076
101848,509,1,3,0.435,163898
101849,826,3,0,0.65,435909
101850,530,0,1,0.359,293484
101851,682,4,1,0.251,0
101852,722,2,1,0.226,73542
101853,626,0,0,0.52,243546
101854,727,0,0,0.302,735144
101855,604,1,4,0.422,201716
101856,692,1,0,0.292,58759
101857,516,1,1,0.585,21839
101858,767,0,1,0.38,595036
101859,680,2,0,0.636,179760
101860,560,3,1,0.628,110528
101861,727,2,0,0.332,83028
101862,802,1,1,0.617,0
101863,610,3,0,0.282,103988
101864,664,1,2,0.403,503916
101865,641,5,2,0.194,579756
101866,622,2,0,0.469,258588
101867,614,2,2,0.41,276208
101868,631,4,0,0.453,220882
101869,635,1,0,0.078,257739
101870,653,0,0,0.0,650184
101871,647,3,0,0.123,302462
101872,737,1,1,0.45,167001
101873,730,1,3,0.485,376028
101874,564,4,0,0.576,613084
101875,635,2,2,0.269,0
101876,773,1,0,0.392,388138
101877,702,3,0,0.21,583293
101878,705,1,1,0.623,334008
101879,697,3,0,0.208,591234
101880,660,4,0,0.586,0
101881,676,4,1,0.3,153488
101882,649,1,1,0.665,141000
101883,744,4,1,0.387,112672
101884,650,0,1,0.382,0
101885,671,0,1,0.199,383712
101886,735,0,0,0.783,623948
101887,655,1,0,0.548,190081
101888,674,4,0,0.452,206763
101889,653,1,0,0.398,125439
101890,673,2,0,0.218,360166
101891,655,1,1,0.485,103474
101892,639,5,1,0.337,72141
101893,626,1,5,0.362,73030
101894,667,1,2,0.528,521427
101895,756,2,1,0.407,540360
101896,726,2,2,0.354,327998
101897,561,2,1,0.637,84565
101898,647,2,2,0.186,0
101899,632,1,0,0.019,0
101900,562,2,0,0.191,0
101901,700,4,2,0.38,0
101902,672,4,0,0.489,464068
101903,831,4,2,0.201,0
101904,654,4,0,1.0,69672
101905,621,1,3,0.386,0
101906,614,6,1,0.38,588450
101907,646,4,2,0.092,0
101908,724,2,0,0.061,150674
101909,732,1,2,0.0,218160
101910,899,1,1,0.624,334050
101911,589,2,0,0.592,569572
101912,686,4,0,0.35,367494
101913,628,2,2,0.107,369168
101914,706,1,2,0.294,173002
101915,783,4,0,0.634,0
101916,744,1,0,0.249,46524
101917,589,3,0,0.17,31213
101918,731,6,1,0.274,0
101919,521,0,0,0.291,322424
101920,501,3,1,0.498,73048
101921,661,3,1,0.0,76196
101922,725,2,0,0.384,96548
101923,706,0,0,0.211,562035
101924,822,4,0,0.243,331612
101925,688,6,0,0.501,267414
101926,671,3,2,0.09,86118
101927,766,3,1,0.386,578847
101928,651,1,0,0.446,0
101929,709,1,0,0.466,695840
101930,713,2,1,0.491,538410
101931,607,2,2,0.464,0
101932,709,2,1,0.494,106723
101933,843,2,2,0.174,310950
101934,765,2,0,0.623,388624
101935,617,4,0,0.113,0
101936,855,2,0,0.424,147696
101937,731,0,0,0.214,164356
101938,711,2,2,0.006,427497
101939,672,2,0,0.236,0
101940,731,3,0,0.326,247890
101941,688,2,0,0.627,488088
101942,681,3,0,0.714,263116
101943,670,2,1,0.324,0
101944,753,4,2,0.072,0
101945,744,1,0,0.089,0
101946,668,1,1,0.504,0
101947,566,1,0,0.492,476577
101948,682,1,0,0.229,435912
101949,626,2,1,0.115,179790
101950,644,3,1,0.548,593232
101951,670,7,0,0.104,0
101952,600,3,0,0.261,545004
101953,559,2,0,0.445,247620
101954,701,2,1,0.0,0
101955,682,2,2,0.541,412407
101956,679,1,2,0.826,0
101957,718,1,2,0.373,667388
101958,630,3,1,0.343,259182
101959,704,3,1,0.359,174066
101960,780,3,2,0.395,0
101961,660,2,3,0.204,0
101962,822,4,2,0.125,235944
101963,683,2,1,0.279,30715
101964,616,2,0,0.381,0
101965,743,2,2,0.15,105669
101966,671,1,1,0.081,0
101967,758,2,2,0.262,165713
101968,711,0,2,0.083,148910
101969,655,3,0,0.484,31391
101970,794,3,0,0.0,434048
101971,642,3,1,0.116,122127
101972,517,3,0,0.633,184904
101973,746,1,0,0.306,377456
101974,706,1,1,0.387,0
101975,776,2,1,0.324,99333
101976,613,2,2,0.225,177341
101977,661,0,0,0.569,164550
101978,652,0,3,0.236,84532
101979,750,0,4,0.184,679400
101980,728,2,1,0.481,385659
101981,696,1,1,0.0,0
101982,696,3,1,0.293,275216
101983,593,1,1,0.246,66418
101984,737,2,1,0.289,176124
101985,739,3,1,0.252,126352
101986,851,1,1,0.425,388332
101987,715,4,1,0.57,521412
101988,727,1,3,0.442,193506
101989,715,2,0,0.283,379432
101990,627,1,1,0.476,91954
101991,773,4,1,0.5,600988
101992,675,4,2,0.422,237957
101993,665,0,1,0.56,199404
101994,669,3,0,0.0,103670
101995,675,1,0,0.355,118305
101996,643,2,1,0.412,531858
101997,696,0,1,0.054,0
101998,672,2,0,0.394,0
101999,666,3,0,0.533,40631
